mrd,vrd,c,cc,hh,h,mrd_type,vrd_type,product_type,new_product_type
-37.2,176.0,20/25,50,175,125,1,1,HIT-HP MVX-1211-hh-100-cc,HIT-HP MVX-1211-17.5-100-50
-37.2,176.0,20/25,30,155,125,1,1,HIT-HP MVX-1211-hh-100-cc,HIT-HP MVX-1211-15.5-100-30
-37.2,176.0,20/25,35,160,125,1,1,HIT-HP MVX-1211-hh-100-cc,HIT-HP MVX-1211-16.0-100-35
-37.2,176.0,20/25,40,165,125,1,1,HIT-HP MVX-1211-hh-100-cc,HIT-HP MVX-1211-16.5-100-40
-37.2,176.0,20/25,45,170,125,1,1,HIT-HP MVX-1211-hh-100-cc,HIT-HP MVX-1211-17.0-100-45
-49.6,132.3,20/25,50,175,125,2,2,HIT-HP MVX-1211-hh-100-cc,HIT-HP MVX-1211-17.5-100-50
-49.6,132.3,20/25,30,155,125,2,2,HIT-HP MVX-1211-hh-100-cc,HIT-HP MVX-1211-15.5-100-30
-49.6,132.3,20/25,35,160,125,2,2,HIT-HP MVX-1211-hh-100-cc,HIT-HP MVX-1211-16.0-100-35
-49.6,132.3,20/25,40,165,125,2,2,HIT-HP MVX-1211-hh-100-cc,HIT-HP MVX-1211-16.5-100-40
-49.6,132.3,20/25,45,170,125,2,2,HIT-HP MVX-1211-hh-100-cc,HIT-HP MVX-1211-17.0-100-45
-43.1,176.0,25/30,50,175,125,1,1,HIT-HP MVX-1211-hh-100-cc,HIT-HP MVX-1211-17.5-100-50
-43.1,176.0,25/30,30,155,125,1,1,HIT-HP MVX-1211-hh-100-cc,HIT-HP MVX-1211-15.5-100-30
-43.1,176.0,25/30,35,160,125,1,1,HIT-HP MVX-1211-hh-100-cc,HIT-HP MVX-1211-16.0-100-35
-43.1,176.0,25/30,40,165,125,1,1,HIT-HP MVX-1211-hh-100-cc,HIT-HP MVX-1211-16.5-100-40
-43.1,176.0,25/30,45,170,125,1,1,HIT-HP MVX-1211-hh-100-cc,HIT-HP MVX-1211-17.0-100-45
-51.4,147.6,25/30,50,175,125,2,2,HIT-HP MVX-1211-hh-100-cc,HIT-HP MVX-1211-17.5-100-50
-51.4,147.6,25/30,30,155,125,2,2,HIT-HP MVX-1211-hh-100-cc,HIT-HP MVX-1211-15.5-100-30
-51.4,147.6,25/30,35,160,125,2,2,HIT-HP MVX-1211-hh-100-cc,HIT-HP MVX-1211-16.0-100-35
-51.4,147.6,25/30,40,165,125,2,2,HIT-HP MVX-1211-hh-100-cc,HIT-HP MVX-1211-16.5-100-40
-51.4,147.6,25/30,45,170,125,2,2,HIT-HP MVX-1211-hh-100-cc,HIT-HP MVX-1211-17.0-100-45
-47.2,176.0,30/37,50,175,125,1,1,HIT-HP MVX-1211-hh-100-cc,HIT-HP MVX-1211-17.5-100-50
-47.2,176.0,30/37,30,155,125,1,1,HIT-HP MVX-1211-hh-100-cc,HIT-HP MVX-1211-15.5-100-30
-47.2,176.0,30/37,35,160,125,1,1,HIT-HP MVX-1211-hh-100-cc,HIT-HP MVX-1211-16.0-100-35
-47.2,176.0,30/37,40,165,125,1,1,HIT-HP MVX-1211-hh-100-cc,HIT-HP MVX-1211-16.5-100-40
-47.2,176.0,30/37,45,170,125,1,1,HIT-HP MVX-1211-hh-100-cc,HIT-HP MVX-1211-17.0-100-45
-51.4,161.4,30/37,50,175,125,2,2,HIT-HP MVX-1211-hh-100-cc,HIT-HP MVX-1211-17.5-100-50
-51.4,161.4,30/37,30,155,125,2,2,HIT-HP MVX-1211-hh-100-cc,HIT-HP MVX-1211-15.5-100-30
-51.4,161.4,30/37,35,160,125,2,2,HIT-HP MVX-1211-hh-100-cc,HIT-HP MVX-1211-16.0-100-35
-51.4,161.4,30/37,40,165,125,2,2,HIT-HP MVX-1211-hh-100-cc,HIT-HP MVX-1211-16.5-100-40
-51.4,161.4,30/37,45,170,125,2,2,HIT-HP MVX-1211-hh-100-cc,HIT-HP MVX-1211-17.0-100-45
-39.3,176.0,20/25,50,180,130,1,1,HIT-HP MVX-1211-hh-100-cc,HIT-HP MVX-1211-18.0-100-50
-39.3,176.0,20/25,30,160,130,1,1,HIT-HP MVX-1211-hh-100-cc,HIT-HP MVX-1211-16.0-100-30
-39.3,176.0,20/25,35,165,130,1,1,HIT-HP MVX-1211-hh-100-cc,HIT-HP MVX-1211-16.5-100-35
-39.3,176.0,20/25,40,170,130,1,1,HIT-HP MVX-1211-hh-100-cc,HIT-HP MVX-1211-17.0-100-40
-39.3,176.0,20/25,45,175,130,1,1,HIT-HP MVX-1211-hh-100-cc,HIT-HP MVX-1211-17.5-100-45
-52.1,133.6,20/25,50,180,130,2,2,HIT-HP MVX-1211-hh-100-cc,HIT-HP MVX-1211-18.0-100-50
-52.1,133.6,20/25,30,160,130,2,2,HIT-HP MVX-1211-hh-100-cc,HIT-HP MVX-1211-16.0-100-30
-52.1,133.6,20/25,35,165,130,2,2,HIT-HP MVX-1211-hh-100-cc,HIT-HP MVX-1211-16.5-100-35
-52.1,133.6,20/25,40,170,130,2,2,HIT-HP MVX-1211-hh-100-cc,HIT-HP MVX-1211-17.0-100-40
-52.1,133.6,20/25,45,175,130,2,2,HIT-HP MVX-1211-hh-100-cc,HIT-HP MVX-1211-17.5-100-45
-45.5,176.0,25/30,50,180,130,1,1,HIT-HP MVX-1211-hh-100-cc,HIT-HP MVX-1211-18.0-100-50
-45.5,176.0,25/30,30,160,130,1,1,HIT-HP MVX-1211-hh-100-cc,HIT-HP MVX-1211-16.0-100-30
-45.5,176.0,25/30,35,165,130,1,1,HIT-HP MVX-1211-hh-100-cc,HIT-HP MVX-1211-16.5-100-35
-45.5,176.0,25/30,40,170,130,1,1,HIT-HP MVX-1211-hh-100-cc,HIT-HP MVX-1211-17.0-100-40
-45.5,176.0,25/30,45,175,130,1,1,HIT-HP MVX-1211-hh-100-cc,HIT-HP MVX-1211-17.5-100-45
-54.4,147.6,25/30,50,180,130,2,2,HIT-HP MVX-1211-hh-100-cc,HIT-HP MVX-1211-18.0-100-50
-54.4,147.6,25/30,30,160,130,2,2,HIT-HP MVX-1211-hh-100-cc,HIT-HP MVX-1211-16.0-100-30
-54.4,147.6,25/30,35,165,130,2,2,HIT-HP MVX-1211-hh-100-cc,HIT-HP MVX-1211-16.5-100-35
-54.4,147.6,25/30,40,170,130,2,2,HIT-HP MVX-1211-hh-100-cc,HIT-HP MVX-1211-17.0-100-40
-54.4,147.6,25/30,45,175,130,2,2,HIT-HP MVX-1211-hh-100-cc,HIT-HP MVX-1211-17.5-100-45
-49.9,176.0,30/37,50,180,130,1,1,HIT-HP MVX-1211-hh-100-cc,HIT-HP MVX-1211-18.0-100-50
-49.9,176.0,30/37,30,160,130,1,1,HIT-HP MVX-1211-hh-100-cc,HIT-HP MVX-1211-16.0-100-30
-49.9,176.0,30/37,35,165,130,1,1,HIT-HP MVX-1211-hh-100-cc,HIT-HP MVX-1211-16.5-100-35
-49.9,176.0,30/37,40,170,130,1,1,HIT-HP MVX-1211-hh-100-cc,HIT-HP MVX-1211-17.0-100-40
-49.9,176.0,30/37,45,175,130,1,1,HIT-HP MVX-1211-hh-100-cc,HIT-HP MVX-1211-17.5-100-45
-54.4,161.4,30/37,50,180,130,2,2,HIT-HP MVX-1211-hh-100-cc,HIT-HP MVX-1211-18.0-100-50
-54.4,161.4,30/37,30,160,130,2,2,HIT-HP MVX-1211-hh-100-cc,HIT-HP MVX-1211-16.0-100-30
-54.4,161.4,30/37,35,165,130,2,2,HIT-HP MVX-1211-hh-100-cc,HIT-HP MVX-1211-16.5-100-35
-54.4,161.4,30/37,40,170,130,2,2,HIT-HP MVX-1211-hh-100-cc,HIT-HP MVX-1211-17.0-100-40
-54.4,161.4,30/37,45,175,130,2,2,HIT-HP MVX-1211-hh-100-cc,HIT-HP MVX-1211-17.5-100-45
-41.3,176.0,20/25,50,185,135,1,1,HIT-HP MVX-1211-hh-100-cc,HIT-HP MVX-1211-18.5-100-50
-41.3,176.0,20/25,30,165,135,1,1,HIT-HP MVX-1211-hh-100-cc,HIT-HP MVX-1211-16.5-100-30
-41.3,176.0,20/25,35,170,135,1,1,HIT-HP MVX-1211-hh-100-cc,HIT-HP MVX-1211-17.0-100-35
-41.3,176.0,20/25,40,175,135,1,1,HIT-HP MVX-1211-hh-100-cc,HIT-HP MVX-1211-17.5-100-40
-41.3,176.0,20/25,45,180,135,1,1,HIT-HP MVX-1211-hh-100-cc,HIT-HP MVX-1211-18.0-100-45
-54.7,134.7,20/25,50,185,135,2,2,HIT-HP MVX-1211-hh-100-cc,HIT-HP MVX-1211-18.5-100-50
-54.7,134.7,20/25,30,165,135,2,2,HIT-HP MVX-1211-hh-100-cc,HIT-HP MVX-1211-16.5-100-30
-54.7,134.7,20/25,35,170,135,2,2,HIT-HP MVX-1211-hh-100-cc,HIT-HP MVX-1211-17.0-100-35
-54.7,134.7,20/25,40,175,135,2,2,HIT-HP MVX-1211-hh-100-cc,HIT-HP MVX-1211-17.5-100-40
-54.7,134.7,20/25,45,180,135,2,2,HIT-HP MVX-1211-hh-100-cc,HIT-HP MVX-1211-18.0-100-45
-47.9,176.0,25/30,50,185,135,1,1,HIT-HP MVX-1211-hh-100-cc,HIT-HP MVX-1211-18.5-100-50
-47.9,176.0,25/30,30,165,135,1,1,HIT-HP MVX-1211-hh-100-cc,HIT-HP MVX-1211-16.5-100-30
-47.9,176.0,25/30,35,170,135,1,1,HIT-HP MVX-1211-hh-100-cc,HIT-HP MVX-1211-17.0-100-35
-47.9,176.0,25/30,40,175,135,1,1,HIT-HP MVX-1211-hh-100-cc,HIT-HP MVX-1211-17.5-100-40
-47.9,176.0,25/30,45,180,135,1,1,HIT-HP MVX-1211-hh-100-cc,HIT-HP MVX-1211-18.0-100-45
-57.3,147.6,25/30,50,185,135,2,2,HIT-HP MVX-1211-hh-100-cc,HIT-HP MVX-1211-18.5-100-50
-57.3,147.6,25/30,30,165,135,2,2,HIT-HP MVX-1211-hh-100-cc,HIT-HP MVX-1211-16.5-100-30
-57.3,147.6,25/30,35,170,135,2,2,HIT-HP MVX-1211-hh-100-cc,HIT-HP MVX-1211-17.0-100-35
-57.3,147.6,25/30,40,175,135,2,2,HIT-HP MVX-1211-hh-100-cc,HIT-HP MVX-1211-17.5-100-40
-57.3,147.6,25/30,45,180,135,2,2,HIT-HP MVX-1211-hh-100-cc,HIT-HP MVX-1211-18.0-100-45
-52.6,176.0,30/37,50,185,135,1,1,HIT-HP MVX-1211-hh-100-cc,HIT-HP MVX-1211-18.5-100-50
-52.6,176.0,30/37,30,165,135,1,1,HIT-HP MVX-1211-hh-100-cc,HIT-HP MVX-1211-16.5-100-30
-52.6,176.0,30/37,35,170,135,1,1,HIT-HP MVX-1211-hh-100-cc,HIT-HP MVX-1211-17.0-100-35
-52.6,176.0,30/37,40,175,135,1,1,HIT-HP MVX-1211-hh-100-cc,HIT-HP MVX-1211-17.5-100-40
-52.6,176.0,30/37,45,180,135,1,1,HIT-HP MVX-1211-hh-100-cc,HIT-HP MVX-1211-18.0-100-45
-57.3,161.4,30/37,50,185,135,2,2,HIT-HP MVX-1211-hh-100-cc,HIT-HP MVX-1211-18.5-100-50
-57.3,161.4,30/37,30,165,135,2,2,HIT-HP MVX-1211-hh-100-cc,HIT-HP MVX-1211-16.5-100-30
-57.3,161.4,30/37,35,170,135,2,2,HIT-HP MVX-1211-hh-100-cc,HIT-HP MVX-1211-17.0-100-35
-57.3,161.4,30/37,40,175,135,2,2,HIT-HP MVX-1211-hh-100-cc,HIT-HP MVX-1211-17.5-100-40
-57.3,161.4,30/37,45,180,135,2,2,HIT-HP MVX-1211-hh-100-cc,HIT-HP MVX-1211-18.0-100-45
-43.4,176.0,20/25,50,190,140,1,1,HIT-HP MVX-1211-hh-100-cc,HIT-HP MVX-1211-19.0-100-50
-43.4,176.0,20/25,30,170,140,1,1,HIT-HP MVX-1211-hh-100-cc,HIT-HP MVX-1211-17.0-100-30
-43.4,176.0,20/25,35,175,140,1,1,HIT-HP MVX-1211-hh-100-cc,HIT-HP MVX-1211-17.5-100-35
-43.4,176.0,20/25,40,180,140,1,1,HIT-HP MVX-1211-hh-100-cc,HIT-HP MVX-1211-18.0-100-40
-43.4,176.0,20/25,45,185,140,1,1,HIT-HP MVX-1211-hh-100-cc,HIT-HP MVX-1211-18.5-100-45
-57.3,135.7,20/25,50,190,140,2,2,HIT-HP MVX-1211-hh-100-cc,HIT-HP MVX-1211-19.0-100-50
-57.3,135.7,20/25,30,170,140,2,2,HIT-HP MVX-1211-hh-100-cc,HIT-HP MVX-1211-17.0-100-30
-57.3,135.7,20/25,35,175,140,2,2,HIT-HP MVX-1211-hh-100-cc,HIT-HP MVX-1211-17.5-100-35
-57.3,135.7,20/25,40,180,140,2,2,HIT-HP MVX-1211-hh-100-cc,HIT-HP MVX-1211-18.0-100-40
-57.3,135.7,20/25,45,185,140,2,2,HIT-HP MVX-1211-hh-100-cc,HIT-HP MVX-1211-18.5-100-45
-50.2,176.0,25/30,50,190,140,1,1,HIT-HP MVX-1211-hh-100-cc,HIT-HP MVX-1211-19.0-100-50
-50.2,176.0,25/30,30,170,140,1,1,HIT-HP MVX-1211-hh-100-cc,HIT-HP MVX-1211-17.0-100-30
-50.2,176.0,25/30,35,175,140,1,1,HIT-HP MVX-1211-hh-100-cc,HIT-HP MVX-1211-17.5-100-35
-50.2,176.0,25/30,40,180,140,1,1,HIT-HP MVX-1211-hh-100-cc,HIT-HP MVX-1211-18.0-100-40
-50.2,176.0,25/30,45,185,140,1,1,HIT-HP MVX-1211-hh-100-cc,HIT-HP MVX-1211-18.5-100-45
-60.3,147.6,25/30,50,190,140,2,2,HIT-HP MVX-1211-hh-100-cc,HIT-HP MVX-1211-19.0-100-50
-60.3,147.6,25/30,30,170,140,2,2,HIT-HP MVX-1211-hh-100-cc,HIT-HP MVX-1211-17.0-100-30
-60.3,147.6,25/30,35,175,140,2,2,HIT-HP MVX-1211-hh-100-cc,HIT-HP MVX-1211-17.5-100-35
-60.3,147.6,25/30,40,180,140,2,2,HIT-HP MVX-1211-hh-100-cc,HIT-HP MVX-1211-18.0-100-40
-60.3,147.6,25/30,45,185,140,2,2,HIT-HP MVX-1211-hh-100-cc,HIT-HP MVX-1211-18.5-100-45
-55.2,176.0,30/37,50,190,140,1,1,HIT-HP MVX-1211-hh-100-cc,HIT-HP MVX-1211-19.0-100-50
-55.2,176.0,30/37,30,170,140,1,1,HIT-HP MVX-1211-hh-100-cc,HIT-HP MVX-1211-17.0-100-30
-55.2,176.0,30/37,35,175,140,1,1,HIT-HP MVX-1211-hh-100-cc,HIT-HP MVX-1211-17.5-100-35
-55.2,176.0,30/37,40,180,140,1,1,HIT-HP MVX-1211-hh-100-cc,HIT-HP MVX-1211-18.0-100-40
-55.2,176.0,30/37,45,185,140,1,1,HIT-HP MVX-1211-hh-100-cc,HIT-HP MVX-1211-18.5-100-45
-60.3,161.4,30/37,50,190,140,2,2,HIT-HP MVX-1211-hh-100-cc,HIT-HP MVX-1211-19.0-100-50
-60.3,161.4,30/37,30,170,140,2,2,HIT-HP MVX-1211-hh-100-cc,HIT-HP MVX-1211-17.0-100-30
-60.3,161.4,30/37,35,175,140,2,2,HIT-HP MVX-1211-hh-100-cc,HIT-HP MVX-1211-17.5-100-35
-60.3,161.4,30/37,40,180,140,2,2,HIT-HP MVX-1211-hh-100-cc,HIT-HP MVX-1211-18.0-100-40
-60.3,161.4,30/37,45,185,140,2,2,HIT-HP MVX-1211-hh-100-cc,HIT-HP MVX-1211-18.5-100-45
-45.5,176.0,20/25,50,195,145,1,1,HIT-HP MVX-1211-hh-100-cc,HIT-HP MVX-1211-19.5-100-50
-45.5,176.0,20/25,30,175,145,1,1,HIT-HP MVX-1211-hh-100-cc,HIT-HP MVX-1211-17.5-100-30
-45.5,176.0,20/25,35,180,145,1,1,HIT-HP MVX-1211-hh-100-cc,HIT-HP MVX-1211-18.0-100-35
-45.5,176.0,20/25,40,185,145,1,1,HIT-HP MVX-1211-hh-100-cc,HIT-HP MVX-1211-18.5-100-40
-45.5,176.0,20/25,45,190,145,1,1,HIT-HP MVX-1211-hh-100-cc,HIT-HP MVX-1211-19.0-100-45
-59.8,136.6,20/25,50,195,145,2,2,HIT-HP MVX-1211-hh-100-cc,HIT-HP MVX-1211-19.5-100-50
-59.8,136.6,20/25,30,175,145,2,2,HIT-HP MVX-1211-hh-100-cc,HIT-HP MVX-1211-17.5-100-30
-59.8,136.6,20/25,35,180,145,2,2,HIT-HP MVX-1211-hh-100-cc,HIT-HP MVX-1211-18.0-100-35
-59.8,136.6,20/25,40,185,145,2,2,HIT-HP MVX-1211-hh-100-cc,HIT-HP MVX-1211-18.5-100-40
-59.8,136.6,20/25,45,190,145,2,2,HIT-HP MVX-1211-hh-100-cc,HIT-HP MVX-1211-19.0-100-45
-52.6,176.0,25/30,50,195,145,1,1,HIT-HP MVX-1211-hh-100-cc,HIT-HP MVX-1211-19.5-100-50
-52.6,176.0,25/30,30,175,145,1,1,HIT-HP MVX-1211-hh-100-cc,HIT-HP MVX-1211-17.5-100-30
-52.6,176.0,25/30,35,180,145,1,1,HIT-HP MVX-1211-hh-100-cc,HIT-HP MVX-1211-18.0-100-35
-52.6,176.0,25/30,40,185,145,1,1,HIT-HP MVX-1211-hh-100-cc,HIT-HP MVX-1211-18.5-100-40
-52.6,176.0,25/30,45,190,145,1,1,HIT-HP MVX-1211-hh-100-cc,HIT-HP MVX-1211-19.0-100-45
-63.2,147.6,25/30,50,195,145,2,2,HIT-HP MVX-1211-hh-100-cc,HIT-HP MVX-1211-19.5-100-50
-63.2,147.6,25/30,30,175,145,2,2,HIT-HP MVX-1211-hh-100-cc,HIT-HP MVX-1211-17.5-100-30
-63.2,147.6,25/30,35,180,145,2,2,HIT-HP MVX-1211-hh-100-cc,HIT-HP MVX-1211-18.0-100-35
-63.2,147.6,25/30,40,185,145,2,2,HIT-HP MVX-1211-hh-100-cc,HIT-HP MVX-1211-18.5-100-40
-63.2,147.6,25/30,45,190,145,2,2,HIT-HP MVX-1211-hh-100-cc,HIT-HP MVX-1211-19.0-100-45
-57.9,176.0,30/37,50,195,145,1,1,HIT-HP MVX-1211-hh-100-cc,HIT-HP MVX-1211-19.5-100-50
-57.9,176.0,30/37,30,175,145,1,1,HIT-HP MVX-1211-hh-100-cc,HIT-HP MVX-1211-17.5-100-30
-57.9,176.0,30/37,35,180,145,1,1,HIT-HP MVX-1211-hh-100-cc,HIT-HP MVX-1211-18.0-100-35
-57.9,176.0,30/37,40,185,145,1,1,HIT-HP MVX-1211-hh-100-cc,HIT-HP MVX-1211-18.5-100-40
-57.9,176.0,30/37,45,190,145,1,1,HIT-HP MVX-1211-hh-100-cc,HIT-HP MVX-1211-19.0-100-45
-63.2,161.4,30/37,50,195,145,2,2,HIT-HP MVX-1211-hh-100-cc,HIT-HP MVX-1211-19.5-100-50
-63.2,161.4,30/37,30,175,145,2,2,HIT-HP MVX-1211-hh-100-cc,HIT-HP MVX-1211-17.5-100-30
-63.2,161.4,30/37,35,180,145,2,2,HIT-HP MVX-1211-hh-100-cc,HIT-HP MVX-1211-18.0-100-35
-63.2,161.4,30/37,40,185,145,2,2,HIT-HP MVX-1211-hh-100-cc,HIT-HP MVX-1211-18.5-100-40
-63.2,161.4,30/37,45,190,145,2,2,HIT-HP MVX-1211-hh-100-cc,HIT-HP MVX-1211-19.0-100-45
-47.5,176.0,20/25,50,200,150,1,1,HIT-HP MVX-1211-hh-100-cc,HIT-HP MVX-1211-20.0-100-50
-47.5,176.0,20/25,30,180,150,1,1,HIT-HP MVX-1211-hh-100-cc,HIT-HP MVX-1211-18.0-100-30
-47.5,176.0,20/25,35,185,150,1,1,HIT-HP MVX-1211-hh-100-cc,HIT-HP MVX-1211-18.5-100-35
-47.5,176.0,20/25,40,190,150,1,1,HIT-HP MVX-1211-hh-100-cc,HIT-HP MVX-1211-19.0-100-40
-47.5,176.0,20/25,45,195,150,1,1,HIT-HP MVX-1211-hh-100-cc,HIT-HP MVX-1211-19.5-100-45
-62.4,137.3,20/25,50,200,150,2,2,HIT-HP MVX-1211-hh-100-cc,HIT-HP MVX-1211-20.0-100-50
-62.4,137.3,20/25,30,180,150,2,2,HIT-HP MVX-1211-hh-100-cc,HIT-HP MVX-1211-18.0-100-30
-62.4,137.3,20/25,35,185,150,2,2,HIT-HP MVX-1211-hh-100-cc,HIT-HP MVX-1211-18.5-100-35
-62.4,137.3,20/25,40,190,150,2,2,HIT-HP MVX-1211-hh-100-cc,HIT-HP MVX-1211-19.0-100-40
-62.4,137.3,20/25,45,195,150,2,2,HIT-HP MVX-1211-hh-100-cc,HIT-HP MVX-1211-19.5-100-45
-55.0,176.0,25/30,50,200,150,1,1,HIT-HP MVX-1211-hh-100-cc,HIT-HP MVX-1211-20.0-100-50
-55.0,176.0,25/30,30,180,150,1,1,HIT-HP MVX-1211-hh-100-cc,HIT-HP MVX-1211-18.0-100-30
-55.0,176.0,25/30,35,185,150,1,1,HIT-HP MVX-1211-hh-100-cc,HIT-HP MVX-1211-18.5-100-35
-55.0,176.0,25/30,40,190,150,1,1,HIT-HP MVX-1211-hh-100-cc,HIT-HP MVX-1211-19.0-100-40
-55.0,176.0,25/30,45,195,150,1,1,HIT-HP MVX-1211-hh-100-cc,HIT-HP MVX-1211-19.5-100-45
-66.2,147.6,25/30,50,200,150,2,2,HIT-HP MVX-1211-hh-100-cc,HIT-HP MVX-1211-20.0-100-50
-66.2,147.6,25/30,30,180,150,2,2,HIT-HP MVX-1211-hh-100-cc,HIT-HP MVX-1211-18.0-100-30
-66.2,147.6,25/30,35,185,150,2,2,HIT-HP MVX-1211-hh-100-cc,HIT-HP MVX-1211-18.5-100-35
-66.2,147.6,25/30,40,190,150,2,2,HIT-HP MVX-1211-hh-100-cc,HIT-HP MVX-1211-19.0-100-40
-66.2,147.6,25/30,45,195,150,2,2,HIT-HP MVX-1211-hh-100-cc,HIT-HP MVX-1211-19.5-100-45
-60.5,176.0,30/37,50,200,150,1,1,HIT-HP MVX-1211-hh-100-cc,HIT-HP MVX-1211-20.0-100-50
-60.5,176.0,30/37,30,180,150,1,1,HIT-HP MVX-1211-hh-100-cc,HIT-HP MVX-1211-18.0-100-30
-60.5,176.0,30/37,35,185,150,1,1,HIT-HP MVX-1211-hh-100-cc,HIT-HP MVX-1211-18.5-100-35
-60.5,176.0,30/37,40,190,150,1,1,HIT-HP MVX-1211-hh-100-cc,HIT-HP MVX-1211-19.0-100-40
-60.5,176.0,30/37,45,195,150,1,1,HIT-HP MVX-1211-hh-100-cc,HIT-HP MVX-1211-19.5-100-45
-66.2,161.4,30/37,50,200,150,2,2,HIT-HP MVX-1211-hh-100-cc,HIT-HP MVX-1211-20.0-100-50
-66.2,161.4,30/37,30,180,150,2,2,HIT-HP MVX-1211-hh-100-cc,HIT-HP MVX-1211-18.0-100-30
-66.2,161.4,30/37,35,185,150,2,2,HIT-HP MVX-1211-hh-100-cc,HIT-HP MVX-1211-18.5-100-35
-66.2,161.4,30/37,40,190,150,2,2,HIT-HP MVX-1211-hh-100-cc,HIT-HP MVX-1211-19.0-100-40
-66.2,161.4,30/37,45,195,150,2,2,HIT-HP MVX-1211-hh-100-cc,HIT-HP MVX-1211-19.5-100-45
-49.6,176.0,20/25,50,205,155,1,1,HIT-HP MVX-1211-hh-100-cc,HIT-HP MVX-1211-20.5-100-50
-49.6,176.0,20/25,30,185,155,1,1,HIT-HP MVX-1211-hh-100-cc,HIT-HP MVX-1211-18.5-100-30
-49.6,176.0,20/25,35,190,155,1,1,HIT-HP MVX-1211-hh-100-cc,HIT-HP MVX-1211-19.0-100-35
-49.6,176.0,20/25,40,195,155,1,1,HIT-HP MVX-1211-hh-100-cc,HIT-HP MVX-1211-19.5-100-40
-49.6,176.0,20/25,45,200,155,1,1,HIT-HP MVX-1211-hh-100-cc,HIT-HP MVX-1211-20.0-100-45
-65.0,138.0,20/25,50,205,155,2,2,HIT-HP MVX-1211-hh-100-cc,HIT-HP MVX-1211-20.5-100-50
-65.0,138.0,20/25,30,185,155,2,2,HIT-HP MVX-1211-hh-100-cc,HIT-HP MVX-1211-18.5-100-30
-65.0,138.0,20/25,35,190,155,2,2,HIT-HP MVX-1211-hh-100-cc,HIT-HP MVX-1211-19.0-100-35
-65.0,138.0,20/25,40,195,155,2,2,HIT-HP MVX-1211-hh-100-cc,HIT-HP MVX-1211-19.5-100-40
-65.0,138.0,20/25,45,200,155,2,2,HIT-HP MVX-1211-hh-100-cc,HIT-HP MVX-1211-20.0-100-45
-57.4,176.0,25/30,50,205,155,1,1,HIT-HP MVX-1211-hh-100-cc,HIT-HP MVX-1211-20.5-100-50
-57.4,176.0,25/30,30,185,155,1,1,HIT-HP MVX-1211-hh-100-cc,HIT-HP MVX-1211-18.5-100-30
-57.4,176.0,25/30,35,190,155,1,1,HIT-HP MVX-1211-hh-100-cc,HIT-HP MVX-1211-19.0-100-35
-57.4,176.0,25/30,40,195,155,1,1,HIT-HP MVX-1211-hh-100-cc,HIT-HP MVX-1211-19.5-100-40
-57.4,176.0,25/30,45,200,155,1,1,HIT-HP MVX-1211-hh-100-cc,HIT-HP MVX-1211-20.0-100-45
-69.1,147.6,25/30,50,205,155,2,2,HIT-HP MVX-1211-hh-100-cc,HIT-HP MVX-1211-20.5-100-50
-69.1,147.6,25/30,30,185,155,2,2,HIT-HP MVX-1211-hh-100-cc,HIT-HP MVX-1211-18.5-100-30
-69.1,147.6,25/30,35,190,155,2,2,HIT-HP MVX-1211-hh-100-cc,HIT-HP MVX-1211-19.0-100-35
-69.1,147.6,25/30,40,195,155,2,2,HIT-HP MVX-1211-hh-100-cc,HIT-HP MVX-1211-19.5-100-40
-69.1,147.6,25/30,45,200,155,2,2,HIT-HP MVX-1211-hh-100-cc,HIT-HP MVX-1211-20.0-100-45
-63.2,176.0,30/37,50,205,155,1,1,HIT-HP MVX-1211-hh-100-cc,HIT-HP MVX-1211-20.5-100-50
-63.2,176.0,30/37,30,185,155,1,1,HIT-HP MVX-1211-hh-100-cc,HIT-HP MVX-1211-18.5-100-30
-63.2,176.0,30/37,35,190,155,1,1,HIT-HP MVX-1211-hh-100-cc,HIT-HP MVX-1211-19.0-100-35
-63.2,176.0,30/37,40,195,155,1,1,HIT-HP MVX-1211-hh-100-cc,HIT-HP MVX-1211-19.5-100-40
-63.2,176.0,30/37,45,200,155,1,1,HIT-HP MVX-1211-hh-100-cc,HIT-HP MVX-1211-20.0-100-45
-69.1,161.4,30/37,50,205,155,2,2,HIT-HP MVX-1211-hh-100-cc,HIT-HP MVX-1211-20.5-100-50
-69.1,161.4,30/37,30,185,155,2,2,HIT-HP MVX-1211-hh-100-cc,HIT-HP MVX-1211-18.5-100-30
-69.1,161.4,30/37,35,190,155,2,2,HIT-HP MVX-1211-hh-100-cc,HIT-HP MVX-1211-19.0-100-35
-69.1,161.4,30/37,40,195,155,2,2,HIT-HP MVX-1211-hh-100-cc,HIT-HP MVX-1211-19.5-100-40
-69.1,161.4,30/37,45,200,155,2,2,HIT-HP MVX-1211-hh-100-cc,HIT-HP MVX-1211-20.0-100-45
-51.7,176.0,20/25,50,210,160,1,1,HIT-HP MVX-1211-hh-100-cc,HIT-HP MVX-1211-21.0-100-50
-51.7,176.0,20/25,30,190,160,1,1,HIT-HP MVX-1211-hh-100-cc,HIT-HP MVX-1211-19.0-100-30
-51.7,176.0,20/25,35,195,160,1,1,HIT-HP MVX-1211-hh-100-cc,HIT-HP MVX-1211-19.5-100-35
-51.7,176.0,20/25,40,200,160,1,1,HIT-HP MVX-1211-hh-100-cc,HIT-HP MVX-1211-20.0-100-40
-51.7,176.0,20/25,45,205,160,1,1,HIT-HP MVX-1211-hh-100-cc,HIT-HP MVX-1211-20.5-100-45
-67.6,138.6,20/25,50,210,160,2,2,HIT-HP MVX-1211-hh-100-cc,HIT-HP MVX-1211-21.0-100-50
-67.6,138.6,20/25,30,190,160,2,2,HIT-HP MVX-1211-hh-100-cc,HIT-HP MVX-1211-19.0-100-30
-67.6,138.6,20/25,35,195,160,2,2,HIT-HP MVX-1211-hh-100-cc,HIT-HP MVX-1211-19.5-100-35
-67.6,138.6,20/25,40,200,160,2,2,HIT-HP MVX-1211-hh-100-cc,HIT-HP MVX-1211-20.0-100-40
-67.6,138.6,20/25,45,205,160,2,2,HIT-HP MVX-1211-hh-100-cc,HIT-HP MVX-1211-20.5-100-45
-59.8,176.0,25/30,50,210,160,1,1,HIT-HP MVX-1211-hh-100-cc,HIT-HP MVX-1211-21.0-100-50
-59.8,176.0,25/30,30,190,160,1,1,HIT-HP MVX-1211-hh-100-cc,HIT-HP MVX-1211-19.0-100-30
-59.8,176.0,25/30,35,195,160,1,1,HIT-HP MVX-1211-hh-100-cc,HIT-HP MVX-1211-19.5-100-35
-59.8,176.0,25/30,40,200,160,1,1,HIT-HP MVX-1211-hh-100-cc,HIT-HP MVX-1211-20.0-100-40
-59.8,176.0,25/30,45,205,160,1,1,HIT-HP MVX-1211-hh-100-cc,HIT-HP MVX-1211-20.5-100-45
-72.1,147.6,25/30,50,210,160,2,2,HIT-HP MVX-1211-hh-100-cc,HIT-HP MVX-1211-21.0-100-50
-72.1,147.6,25/30,30,190,160,2,2,HIT-HP MVX-1211-hh-100-cc,HIT-HP MVX-1211-19.0-100-30
-72.1,147.6,25/30,35,195,160,2,2,HIT-HP MVX-1211-hh-100-cc,HIT-HP MVX-1211-19.5-100-35
-72.1,147.6,25/30,40,200,160,2,2,HIT-HP MVX-1211-hh-100-cc,HIT-HP MVX-1211-20.0-100-40
-72.1,147.6,25/30,45,205,160,2,2,HIT-HP MVX-1211-hh-100-cc,HIT-HP MVX-1211-20.5-100-45
-65.8,176.0,30/37,50,210,160,1,1,HIT-HP MVX-1211-hh-100-cc,HIT-HP MVX-1211-21.0-100-50
-65.8,176.0,30/37,30,190,160,1,1,HIT-HP MVX-1211-hh-100-cc,HIT-HP MVX-1211-19.0-100-30
-65.8,176.0,30/37,35,195,160,1,1,HIT-HP MVX-1211-hh-100-cc,HIT-HP MVX-1211-19.5-100-35
-65.8,176.0,30/37,40,200,160,1,1,HIT-HP MVX-1211-hh-100-cc,HIT-HP MVX-1211-20.0-100-40
-65.8,176.0,30/37,45,205,160,1,1,HIT-HP MVX-1211-hh-100-cc,HIT-HP MVX-1211-20.5-100-45
-72.1,161.4,30/37,50,210,160,2,2,HIT-HP MVX-1211-hh-100-cc,HIT-HP MVX-1211-21.0-100-50
-72.1,161.4,30/37,30,190,160,2,2,HIT-HP MVX-1211-hh-100-cc,HIT-HP MVX-1211-19.0-100-30
-72.1,161.4,30/37,35,195,160,2,2,HIT-HP MVX-1211-hh-100-cc,HIT-HP MVX-1211-19.5-100-35
-72.1,161.4,30/37,40,200,160,2,2,HIT-HP MVX-1211-hh-100-cc,HIT-HP MVX-1211-20.0-100-40
-72.1,161.4,30/37,45,205,160,2,2,HIT-HP MVX-1211-hh-100-cc,HIT-HP MVX-1211-20.5-100-45
-53.7,176.0,20/25,50,215,165,1,1,HIT-HP MVX-1211-hh-100-cc,HIT-HP MVX-1211-21.5-100-50
-53.7,176.0,20/25,30,195,165,1,1,HIT-HP MVX-1211-hh-100-cc,HIT-HP MVX-1211-19.5-100-30
-53.7,176.0,20/25,35,200,165,1,1,HIT-HP MVX-1211-hh-100-cc,HIT-HP MVX-1211-20.0-100-35
-53.7,176.0,20/25,40,205,165,1,1,HIT-HP MVX-1211-hh-100-cc,HIT-HP MVX-1211-20.5-100-40
-53.7,176.0,20/25,45,210,165,1,1,HIT-HP MVX-1211-hh-100-cc,HIT-HP MVX-1211-21.0-100-45
-70.1,139.2,20/25,50,215,165,2,2,HIT-HP MVX-1211-hh-100-cc,HIT-HP MVX-1211-21.5-100-50
-70.1,139.2,20/25,30,195,165,2,2,HIT-HP MVX-1211-hh-100-cc,HIT-HP MVX-1211-19.5-100-30
-70.1,139.2,20/25,35,200,165,2,2,HIT-HP MVX-1211-hh-100-cc,HIT-HP MVX-1211-20.0-100-35
-70.1,139.2,20/25,40,205,165,2,2,HIT-HP MVX-1211-hh-100-cc,HIT-HP MVX-1211-20.5-100-40
-70.1,139.2,20/25,45,210,165,2,2,HIT-HP MVX-1211-hh-100-cc,HIT-HP MVX-1211-21.0-100-45
-62.2,176.0,25/30,50,215,165,1,1,HIT-HP MVX-1211-hh-100-cc,HIT-HP MVX-1211-21.5-100-50
-62.2,176.0,25/30,30,195,165,1,1,HIT-HP MVX-1211-hh-100-cc,HIT-HP MVX-1211-19.5-100-30
-62.2,176.0,25/30,35,200,165,1,1,HIT-HP MVX-1211-hh-100-cc,HIT-HP MVX-1211-20.0-100-35
-62.2,176.0,25/30,40,205,165,1,1,HIT-HP MVX-1211-hh-100-cc,HIT-HP MVX-1211-20.5-100-40
-62.2,176.0,25/30,45,210,165,1,1,HIT-HP MVX-1211-hh-100-cc,HIT-HP MVX-1211-21.0-100-45
-75.0,147.6,25/30,50,215,165,2,2,HIT-HP MVX-1211-hh-100-cc,HIT-HP MVX-1211-21.5-100-50
-75.0,147.6,25/30,30,195,165,2,2,HIT-HP MVX-1211-hh-100-cc,HIT-HP MVX-1211-19.5-100-30
-75.0,147.6,25/30,35,200,165,2,2,HIT-HP MVX-1211-hh-100-cc,HIT-HP MVX-1211-20.0-100-35
-75.0,147.6,25/30,40,205,165,2,2,HIT-HP MVX-1211-hh-100-cc,HIT-HP MVX-1211-20.5-100-40
-75.0,147.6,25/30,45,210,165,2,2,HIT-HP MVX-1211-hh-100-cc,HIT-HP MVX-1211-21.0-100-45
-68.5,176.0,30/37,50,215,165,1,1,HIT-HP MVX-1211-hh-100-cc,HIT-HP MVX-1211-21.5-100-50
-68.5,176.0,30/37,30,195,165,1,1,HIT-HP MVX-1211-hh-100-cc,HIT-HP MVX-1211-19.5-100-30
-68.5,176.0,30/37,35,200,165,1,1,HIT-HP MVX-1211-hh-100-cc,HIT-HP MVX-1211-20.0-100-35
-68.5,176.0,30/37,40,205,165,1,1,HIT-HP MVX-1211-hh-100-cc,HIT-HP MVX-1211-20.5-100-40
-68.5,176.0,30/37,45,210,165,1,1,HIT-HP MVX-1211-hh-100-cc,HIT-HP MVX-1211-21.0-100-45
-75.0,161.4,30/37,50,215,165,2,2,HIT-HP MVX-1211-hh-100-cc,HIT-HP MVX-1211-21.5-100-50
-75.0,161.4,30/37,30,195,165,2,2,HIT-HP MVX-1211-hh-100-cc,HIT-HP MVX-1211-19.5-100-30
-75.0,161.4,30/37,35,200,165,2,2,HIT-HP MVX-1211-hh-100-cc,HIT-HP MVX-1211-20.0-100-35
-75.0,161.4,30/37,40,205,165,2,2,HIT-HP MVX-1211-hh-100-cc,HIT-HP MVX-1211-20.5-100-40
-75.0,161.4,30/37,45,210,165,2,2,HIT-HP MVX-1211-hh-100-cc,HIT-HP MVX-1211-21.0-100-45
-55.8,176.0,20/25,50,220,170,1,1,HIT-HP MVX-1211-hh-100-cc,HIT-HP MVX-1211-22.0-100-50
-55.8,176.0,20/25,30,200,170,1,1,HIT-HP MVX-1211-hh-100-cc,HIT-HP MVX-1211-20.0-100-30
-55.8,176.0,20/25,35,205,170,1,1,HIT-HP MVX-1211-hh-100-cc,HIT-HP MVX-1211-20.5-100-35
-55.8,176.0,20/25,40,210,170,1,1,HIT-HP MVX-1211-hh-100-cc,HIT-HP MVX-1211-21.0-100-40
-55.8,176.0,20/25,45,215,170,1,1,HIT-HP MVX-1211-hh-100-cc,HIT-HP MVX-1211-21.5-100-45
-72.7,139.7,20/25,50,220,170,2,2,HIT-HP MVX-1211-hh-100-cc,HIT-HP MVX-1211-22.0-100-50
-72.7,139.7,20/25,30,200,170,2,2,HIT-HP MVX-1211-hh-100-cc,HIT-HP MVX-1211-20.0-100-30
-72.7,139.7,20/25,35,205,170,2,2,HIT-HP MVX-1211-hh-100-cc,HIT-HP MVX-1211-20.5-100-35
-72.7,139.7,20/25,40,210,170,2,2,HIT-HP MVX-1211-hh-100-cc,HIT-HP MVX-1211-21.0-100-40
-72.7,139.7,20/25,45,215,170,2,2,HIT-HP MVX-1211-hh-100-cc,HIT-HP MVX-1211-21.5-100-45
-64.5,176.0,25/30,50,220,170,1,1,HIT-HP MVX-1211-hh-100-cc,HIT-HP MVX-1211-22.0-100-50
-64.5,176.0,25/30,30,200,170,1,1,HIT-HP MVX-1211-hh-100-cc,HIT-HP MVX-1211-20.0-100-30
-64.5,176.0,25/30,35,205,170,1,1,HIT-HP MVX-1211-hh-100-cc,HIT-HP MVX-1211-20.5-100-35
-64.5,176.0,25/30,40,210,170,1,1,HIT-HP MVX-1211-hh-100-cc,HIT-HP MVX-1211-21.0-100-40
-64.5,176.0,25/30,45,215,170,1,1,HIT-HP MVX-1211-hh-100-cc,HIT-HP MVX-1211-21.5-100-45
-78.0,147.6,25/30,50,220,170,2,2,HIT-HP MVX-1211-hh-100-cc,HIT-HP MVX-1211-22.0-100-50
-78.0,147.6,25/30,30,200,170,2,2,HIT-HP MVX-1211-hh-100-cc,HIT-HP MVX-1211-20.0-100-30
-78.0,147.6,25/30,35,205,170,2,2,HIT-HP MVX-1211-hh-100-cc,HIT-HP MVX-1211-20.5-100-35
-78.0,147.6,25/30,40,210,170,2,2,HIT-HP MVX-1211-hh-100-cc,HIT-HP MVX-1211-21.0-100-40
-78.0,147.6,25/30,45,215,170,2,2,HIT-HP MVX-1211-hh-100-cc,HIT-HP MVX-1211-21.5-100-45
-71.2,176.0,30/37,50,220,170,1,1,HIT-HP MVX-1211-hh-100-cc,HIT-HP MVX-1211-22.0-100-50
-71.2,176.0,30/37,30,200,170,1,1,HIT-HP MVX-1211-hh-100-cc,HIT-HP MVX-1211-20.0-100-30
-71.2,176.0,30/37,35,205,170,1,1,HIT-HP MVX-1211-hh-100-cc,HIT-HP MVX-1211-20.5-100-35
-71.2,176.0,30/37,40,210,170,1,1,HIT-HP MVX-1211-hh-100-cc,HIT-HP MVX-1211-21.0-100-40
-71.2,176.0,30/37,45,215,170,1,1,HIT-HP MVX-1211-hh-100-cc,HIT-HP MVX-1211-21.5-100-45
-78.0,161.4,30/37,50,220,170,2,2,HIT-HP MVX-1211-hh-100-cc,HIT-HP MVX-1211-22.0-100-50
-78.0,161.4,30/37,30,200,170,2,2,HIT-HP MVX-1211-hh-100-cc,HIT-HP MVX-1211-20.0-100-30
-78.0,161.4,30/37,35,205,170,2,2,HIT-HP MVX-1211-hh-100-cc,HIT-HP MVX-1211-20.5-100-35
-78.0,161.4,30/37,40,210,170,2,2,HIT-HP MVX-1211-hh-100-cc,HIT-HP MVX-1211-21.0-100-40
-78.0,161.4,30/37,45,215,170,2,2,HIT-HP MVX-1211-hh-100-cc,HIT-HP MVX-1211-21.5-100-45
-57.8,176.0,20/25,50,225,175,1,1,HIT-HP MVX-1211-hh-100-cc,HIT-HP MVX-1211-22.5-100-50
-57.8,176.0,20/25,30,205,175,1,1,HIT-HP MVX-1211-hh-100-cc,HIT-HP MVX-1211-20.5-100-30
-57.8,176.0,20/25,35,210,175,1,1,HIT-HP MVX-1211-hh-100-cc,HIT-HP MVX-1211-21.0-100-35
-57.8,176.0,20/25,40,215,175,1,1,HIT-HP MVX-1211-hh-100-cc,HIT-HP MVX-1211-21.5-100-40
-57.8,176.0,20/25,45,220,175,1,1,HIT-HP MVX-1211-hh-100-cc,HIT-HP MVX-1211-22.0-100-45
-75.3,140.2,20/25,50,225,175,2,2,HIT-HP MVX-1211-hh-100-cc,HIT-HP MVX-1211-22.5-100-50
-75.3,140.2,20/25,30,205,175,2,2,HIT-HP MVX-1211-hh-100-cc,HIT-HP MVX-1211-20.5-100-30
-75.3,140.2,20/25,35,210,175,2,2,HIT-HP MVX-1211-hh-100-cc,HIT-HP MVX-1211-21.0-100-35
-75.3,140.2,20/25,40,215,175,2,2,HIT-HP MVX-1211-hh-100-cc,HIT-HP MVX-1211-21.5-100-40
-75.3,140.2,20/25,45,220,175,2,2,HIT-HP MVX-1211-hh-100-cc,HIT-HP MVX-1211-22.0-100-45
-66.9,176.0,25/30,50,225,175,1,1,HIT-HP MVX-1211-hh-100-cc,HIT-HP MVX-1211-22.5-100-50
-66.9,176.0,25/30,30,205,175,1,1,HIT-HP MVX-1211-hh-100-cc,HIT-HP MVX-1211-20.5-100-30
-66.9,176.0,25/30,35,210,175,1,1,HIT-HP MVX-1211-hh-100-cc,HIT-HP MVX-1211-21.0-100-35
-66.9,176.0,25/30,40,215,175,1,1,HIT-HP MVX-1211-hh-100-cc,HIT-HP MVX-1211-21.5-100-40
-66.9,176.0,25/30,45,220,175,1,1,HIT-HP MVX-1211-hh-100-cc,HIT-HP MVX-1211-22.0-100-45
-80.9,147.6,25/30,50,225,175,2,2,HIT-HP MVX-1211-hh-100-cc,HIT-HP MVX-1211-22.5-100-50
-80.9,147.6,25/30,30,205,175,2,2,HIT-HP MVX-1211-hh-100-cc,HIT-HP MVX-1211-20.5-100-30
-80.9,147.6,25/30,35,210,175,2,2,HIT-HP MVX-1211-hh-100-cc,HIT-HP MVX-1211-21.0-100-35
-80.9,147.6,25/30,40,215,175,2,2,HIT-HP MVX-1211-hh-100-cc,HIT-HP MVX-1211-21.5-100-40
-80.9,147.6,25/30,45,220,175,2,2,HIT-HP MVX-1211-hh-100-cc,HIT-HP MVX-1211-22.0-100-45
-73.8,176.0,30/37,50,225,175,1,1,HIT-HP MVX-1211-hh-100-cc,HIT-HP MVX-1211-22.5-100-50
-73.8,176.0,30/37,30,205,175,1,1,HIT-HP MVX-1211-hh-100-cc,HIT-HP MVX-1211-20.5-100-30
-73.8,176.0,30/37,35,210,175,1,1,HIT-HP MVX-1211-hh-100-cc,HIT-HP MVX-1211-21.0-100-35
-73.8,176.0,30/37,40,215,175,1,1,HIT-HP MVX-1211-hh-100-cc,HIT-HP MVX-1211-21.5-100-40
-73.8,176.0,30/37,45,220,175,1,1,HIT-HP MVX-1211-hh-100-cc,HIT-HP MVX-1211-22.0-100-45
-80.9,161.4,30/37,50,225,175,2,2,HIT-HP MVX-1211-hh-100-cc,HIT-HP MVX-1211-22.5-100-50
-80.9,161.4,30/37,30,205,175,2,2,HIT-HP MVX-1211-hh-100-cc,HIT-HP MVX-1211-20.5-100-30
-80.9,161.4,30/37,35,210,175,2,2,HIT-HP MVX-1211-hh-100-cc,HIT-HP MVX-1211-21.0-100-35
-80.9,161.4,30/37,40,215,175,2,2,HIT-HP MVX-1211-hh-100-cc,HIT-HP MVX-1211-21.5-100-40
-80.9,161.4,30/37,45,220,175,2,2,HIT-HP MVX-1211-hh-100-cc,HIT-HP MVX-1211-22.0-100-45
-59.9,176.0,20/25,50,230,180,1,1,HIT-HP MVX-1211-hh-100-cc,HIT-HP MVX-1211-23.0-100-50
-59.9,176.0,20/25,30,210,180,1,1,HIT-HP MVX-1211-hh-100-cc,HIT-HP MVX-1211-21.0-100-30
-59.9,176.0,20/25,35,215,180,1,1,HIT-HP MVX-1211-hh-100-cc,HIT-HP MVX-1211-21.5-100-35
-59.9,176.0,20/25,40,220,180,1,1,HIT-HP MVX-1211-hh-100-cc,HIT-HP MVX-1211-22.0-100-40
-59.9,176.0,20/25,45,225,180,1,1,HIT-HP MVX-1211-hh-100-cc,HIT-HP MVX-1211-22.5-100-45
-77.9,140.6,20/25,50,230,180,2,2,HIT-HP MVX-1211-hh-100-cc,HIT-HP MVX-1211-23.0-100-50
-77.9,140.6,20/25,30,210,180,2,2,HIT-HP MVX-1211-hh-100-cc,HIT-HP MVX-1211-21.0-100-30
-77.9,140.6,20/25,35,215,180,2,2,HIT-HP MVX-1211-hh-100-cc,HIT-HP MVX-1211-21.5-100-35
-77.9,140.6,20/25,40,220,180,2,2,HIT-HP MVX-1211-hh-100-cc,HIT-HP MVX-1211-22.0-100-40
-77.9,140.6,20/25,45,225,180,2,2,HIT-HP MVX-1211-hh-100-cc,HIT-HP MVX-1211-22.5-100-45
-69.3,176.0,25/30,50,230,180,1,1,HIT-HP MVX-1211-hh-100-cc,HIT-HP MVX-1211-23.0-100-50
-69.3,176.0,25/30,30,210,180,1,1,HIT-HP MVX-1211-hh-100-cc,HIT-HP MVX-1211-21.0-100-30
-69.3,176.0,25/30,35,215,180,1,1,HIT-HP MVX-1211-hh-100-cc,HIT-HP MVX-1211-21.5-100-35
-69.3,176.0,25/30,40,220,180,1,1,HIT-HP MVX-1211-hh-100-cc,HIT-HP MVX-1211-22.0-100-40
-69.3,176.0,25/30,45,225,180,1,1,HIT-HP MVX-1211-hh-100-cc,HIT-HP MVX-1211-22.5-100-45
-83.9,147.6,25/30,50,230,180,2,2,HIT-HP MVX-1211-hh-100-cc,HIT-HP MVX-1211-23.0-100-50
-83.9,147.6,25/30,30,210,180,2,2,HIT-HP MVX-1211-hh-100-cc,HIT-HP MVX-1211-21.0-100-30
-83.9,147.6,25/30,35,215,180,2,2,HIT-HP MVX-1211-hh-100-cc,HIT-HP MVX-1211-21.5-100-35
-83.9,147.6,25/30,40,220,180,2,2,HIT-HP MVX-1211-hh-100-cc,HIT-HP MVX-1211-22.0-100-40
-83.9,147.6,25/30,45,225,180,2,2,HIT-HP MVX-1211-hh-100-cc,HIT-HP MVX-1211-22.5-100-45
-76.5,176.0,30/37,50,230,180,1,1,HIT-HP MVX-1211-hh-100-cc,HIT-HP MVX-1211-23.0-100-50
-76.5,176.0,30/37,30,210,180,1,1,HIT-HP MVX-1211-hh-100-cc,HIT-HP MVX-1211-21.0-100-30
-76.5,176.0,30/37,35,215,180,1,1,HIT-HP MVX-1211-hh-100-cc,HIT-HP MVX-1211-21.5-100-35
-76.5,176.0,30/37,40,220,180,1,1,HIT-HP MVX-1211-hh-100-cc,HIT-HP MVX-1211-22.0-100-40
-76.5,176.0,30/37,45,225,180,1,1,HIT-HP MVX-1211-hh-100-cc,HIT-HP MVX-1211-22.5-100-45
-83.9,161.4,30/37,50,230,180,2,2,HIT-HP MVX-1211-hh-100-cc,HIT-HP MVX-1211-23.0-100-50
-83.9,161.4,30/37,30,210,180,2,2,HIT-HP MVX-1211-hh-100-cc,HIT-HP MVX-1211-21.0-100-30
-83.9,161.4,30/37,35,215,180,2,2,HIT-HP MVX-1211-hh-100-cc,HIT-HP MVX-1211-21.5-100-35
-83.9,161.4,30/37,40,220,180,2,2,HIT-HP MVX-1211-hh-100-cc,HIT-HP MVX-1211-22.0-100-40
-83.9,161.4,30/37,45,225,180,2,2,HIT-HP MVX-1211-hh-100-cc,HIT-HP MVX-1211-22.5-100-45
-62.0,176.0,20/25,50,235,185,1,1,HIT-HP MVX-1211-hh-100-cc,HIT-HP MVX-1211-23.5-100-50
-62.0,176.0,20/25,30,215,185,1,1,HIT-HP MVX-1211-hh-100-cc,HIT-HP MVX-1211-21.5-100-30
-62.0,176.0,20/25,35,220,185,1,1,HIT-HP MVX-1211-hh-100-cc,HIT-HP MVX-1211-22.0-100-35
-62.0,176.0,20/25,40,225,185,1,1,HIT-HP MVX-1211-hh-100-cc,HIT-HP MVX-1211-22.5-100-40
-62.0,176.0,20/25,45,230,185,1,1,HIT-HP MVX-1211-hh-100-cc,HIT-HP MVX-1211-23.0-100-45
-80.4,141.0,20/25,50,235,185,2,2,HIT-HP MVX-1211-hh-100-cc,HIT-HP MVX-1211-23.5-100-50
-80.4,141.0,20/25,30,215,185,2,2,HIT-HP MVX-1211-hh-100-cc,HIT-HP MVX-1211-21.5-100-30
-80.4,141.0,20/25,35,220,185,2,2,HIT-HP MVX-1211-hh-100-cc,HIT-HP MVX-1211-22.0-100-35
-80.4,141.0,20/25,40,225,185,2,2,HIT-HP MVX-1211-hh-100-cc,HIT-HP MVX-1211-22.5-100-40
-80.4,141.0,20/25,45,230,185,2,2,HIT-HP MVX-1211-hh-100-cc,HIT-HP MVX-1211-23.0-100-45
-71.7,176.0,25/30,50,235,185,1,1,HIT-HP MVX-1211-hh-100-cc,HIT-HP MVX-1211-23.5-100-50
-71.7,176.0,25/30,30,215,185,1,1,HIT-HP MVX-1211-hh-100-cc,HIT-HP MVX-1211-21.5-100-30
-71.7,176.0,25/30,35,220,185,1,1,HIT-HP MVX-1211-hh-100-cc,HIT-HP MVX-1211-22.0-100-35
-71.7,176.0,25/30,40,225,185,1,1,HIT-HP MVX-1211-hh-100-cc,HIT-HP MVX-1211-22.5-100-40
-71.7,176.0,25/30,45,230,185,1,1,HIT-HP MVX-1211-hh-100-cc,HIT-HP MVX-1211-23.0-100-45
-86.8,147.6,25/30,50,235,185,2,2,HIT-HP MVX-1211-hh-100-cc,HIT-HP MVX-1211-23.5-100-50
-86.8,147.6,25/30,30,215,185,2,2,HIT-HP MVX-1211-hh-100-cc,HIT-HP MVX-1211-21.5-100-30
-86.8,147.6,25/30,35,220,185,2,2,HIT-HP MVX-1211-hh-100-cc,HIT-HP MVX-1211-22.0-100-35
-86.8,147.6,25/30,40,225,185,2,2,HIT-HP MVX-1211-hh-100-cc,HIT-HP MVX-1211-22.5-100-40
-86.8,147.6,25/30,45,230,185,2,2,HIT-HP MVX-1211-hh-100-cc,HIT-HP MVX-1211-23.0-100-45
-79.1,176.0,30/37,50,235,185,1,1,HIT-HP MVX-1211-hh-100-cc,HIT-HP MVX-1211-23.5-100-50
-79.1,176.0,30/37,30,215,185,1,1,HIT-HP MVX-1211-hh-100-cc,HIT-HP MVX-1211-21.5-100-30
-79.1,176.0,30/37,35,220,185,1,1,HIT-HP MVX-1211-hh-100-cc,HIT-HP MVX-1211-22.0-100-35
-79.1,176.0,30/37,40,225,185,1,1,HIT-HP MVX-1211-hh-100-cc,HIT-HP MVX-1211-22.5-100-40
-79.1,176.0,30/37,45,230,185,1,1,HIT-HP MVX-1211-hh-100-cc,HIT-HP MVX-1211-23.0-100-45
-86.8,161.4,30/37,50,235,185,2,2,HIT-HP MVX-1211-hh-100-cc,HIT-HP MVX-1211-23.5-100-50
-86.8,161.4,30/37,30,215,185,2,2,HIT-HP MVX-1211-hh-100-cc,HIT-HP MVX-1211-21.5-100-30
-86.8,161.4,30/37,35,220,185,2,2,HIT-HP MVX-1211-hh-100-cc,HIT-HP MVX-1211-22.0-100-35
-86.8,161.4,30/37,40,225,185,2,2,HIT-HP MVX-1211-hh-100-cc,HIT-HP MVX-1211-22.5-100-40
-86.8,161.4,30/37,45,230,185,2,2,HIT-HP MVX-1211-hh-100-cc,HIT-HP MVX-1211-23.0-100-45
-64.0,176.0,20/25,50,240,190,1,1,HIT-HP MVX-1211-hh-100-cc,HIT-HP MVX-1211-24.0-100-50
-64.0,176.0,20/25,30,220,190,1,1,HIT-HP MVX-1211-hh-100-cc,HIT-HP MVX-1211-22.0-100-30
-64.0,176.0,20/25,35,225,190,1,1,HIT-HP MVX-1211-hh-100-cc,HIT-HP MVX-1211-22.5-100-35
-64.0,176.0,20/25,40,230,190,1,1,HIT-HP MVX-1211-hh-100-cc,HIT-HP MVX-1211-23.0-100-40
-64.0,176.0,20/25,45,235,190,1,1,HIT-HP MVX-1211-hh-100-cc,HIT-HP MVX-1211-23.5-100-45
-83.0,141.3,20/25,50,240,190,2,2,HIT-HP MVX-1211-hh-100-cc,HIT-HP MVX-1211-24.0-100-50
-83.0,141.3,20/25,30,220,190,2,2,HIT-HP MVX-1211-hh-100-cc,HIT-HP MVX-1211-22.0-100-30
-83.0,141.3,20/25,35,225,190,2,2,HIT-HP MVX-1211-hh-100-cc,HIT-HP MVX-1211-22.5-100-35
-83.0,141.3,20/25,40,230,190,2,2,HIT-HP MVX-1211-hh-100-cc,HIT-HP MVX-1211-23.0-100-40
-83.0,141.3,20/25,45,235,190,2,2,HIT-HP MVX-1211-hh-100-cc,HIT-HP MVX-1211-23.5-100-45
-74.1,176.0,25/30,50,240,190,1,1,HIT-HP MVX-1211-hh-100-cc,HIT-HP MVX-1211-24.0-100-50
-74.1,176.0,25/30,30,220,190,1,1,HIT-HP MVX-1211-hh-100-cc,HIT-HP MVX-1211-22.0-100-30
-74.1,176.0,25/30,35,225,190,1,1,HIT-HP MVX-1211-hh-100-cc,HIT-HP MVX-1211-22.5-100-35
-74.1,176.0,25/30,40,230,190,1,1,HIT-HP MVX-1211-hh-100-cc,HIT-HP MVX-1211-23.0-100-40
-74.1,176.0,25/30,45,235,190,1,1,HIT-HP MVX-1211-hh-100-cc,HIT-HP MVX-1211-23.5-100-45
-89.8,147.6,25/30,50,240,190,2,2,HIT-HP MVX-1211-hh-100-cc,HIT-HP MVX-1211-24.0-100-50
-89.8,147.6,25/30,30,220,190,2,2,HIT-HP MVX-1211-hh-100-cc,HIT-HP MVX-1211-22.0-100-30
-89.8,147.6,25/30,35,225,190,2,2,HIT-HP MVX-1211-hh-100-cc,HIT-HP MVX-1211-22.5-100-35
-89.8,147.6,25/30,40,230,190,2,2,HIT-HP MVX-1211-hh-100-cc,HIT-HP MVX-1211-23.0-100-40
-89.8,147.6,25/30,45,235,190,2,2,HIT-HP MVX-1211-hh-100-cc,HIT-HP MVX-1211-23.5-100-45
-81.8,176.0,30/37,50,240,190,1,1,HIT-HP MVX-1211-hh-100-cc,HIT-HP MVX-1211-24.0-100-50
-81.8,176.0,30/37,30,220,190,1,1,HIT-HP MVX-1211-hh-100-cc,HIT-HP MVX-1211-22.0-100-30
-81.8,176.0,30/37,35,225,190,1,1,HIT-HP MVX-1211-hh-100-cc,HIT-HP MVX-1211-22.5-100-35
-81.8,176.0,30/37,40,230,190,1,1,HIT-HP MVX-1211-hh-100-cc,HIT-HP MVX-1211-23.0-100-40
-81.8,176.0,30/37,45,235,190,1,1,HIT-HP MVX-1211-hh-100-cc,HIT-HP MVX-1211-23.5-100-45
-89.8,161.4,30/37,50,240,190,2,2,HIT-HP MVX-1211-hh-100-cc,HIT-HP MVX-1211-24.0-100-50
-89.8,161.4,30/37,30,220,190,2,2,HIT-HP MVX-1211-hh-100-cc,HIT-HP MVX-1211-22.0-100-30
-89.8,161.4,30/37,35,225,190,2,2,HIT-HP MVX-1211-hh-100-cc,HIT-HP MVX-1211-22.5-100-35
-89.8,161.4,30/37,40,230,190,2,2,HIT-HP MVX-1211-hh-100-cc,HIT-HP MVX-1211-23.0-100-40
-89.8,161.4,30/37,45,235,190,2,2,HIT-HP MVX-1211-hh-100-cc,HIT-HP MVX-1211-23.5-100-45
-66.1,176.0,20/25,50,245,195,1,1,HIT-HP MVX-1211-hh-100-cc,HIT-HP MVX-1211-24.5-100-50
-66.1,176.0,20/25,30,225,195,1,1,HIT-HP MVX-1211-hh-100-cc,HIT-HP MVX-1211-22.5-100-30
-66.1,176.0,20/25,35,230,195,1,1,HIT-HP MVX-1211-hh-100-cc,HIT-HP MVX-1211-23.0-100-35
-66.1,176.0,20/25,40,235,195,1,1,HIT-HP MVX-1211-hh-100-cc,HIT-HP MVX-1211-23.5-100-40
-66.1,176.0,20/25,45,240,195,1,1,HIT-HP MVX-1211-hh-100-cc,HIT-HP MVX-1211-24.0-100-45
-85.6,141.7,20/25,50,245,195,2,2,HIT-HP MVX-1211-hh-100-cc,HIT-HP MVX-1211-24.5-100-50
-85.6,141.7,20/25,30,225,195,2,2,HIT-HP MVX-1211-hh-100-cc,HIT-HP MVX-1211-22.5-100-30
-85.6,141.7,20/25,35,230,195,2,2,HIT-HP MVX-1211-hh-100-cc,HIT-HP MVX-1211-23.0-100-35
-85.6,141.7,20/25,40,235,195,2,2,HIT-HP MVX-1211-hh-100-cc,HIT-HP MVX-1211-23.5-100-40
-85.6,141.7,20/25,45,240,195,2,2,HIT-HP MVX-1211-hh-100-cc,HIT-HP MVX-1211-24.0-100-45
-76.5,176.0,25/30,50,245,195,1,1,HIT-HP MVX-1211-hh-100-cc,HIT-HP MVX-1211-24.5-100-50
-76.5,176.0,25/30,30,225,195,1,1,HIT-HP MVX-1211-hh-100-cc,HIT-HP MVX-1211-22.5-100-30
-76.5,176.0,25/30,35,230,195,1,1,HIT-HP MVX-1211-hh-100-cc,HIT-HP MVX-1211-23.0-100-35
-76.5,176.0,25/30,40,235,195,1,1,HIT-HP MVX-1211-hh-100-cc,HIT-HP MVX-1211-23.5-100-40
-76.5,176.0,25/30,45,240,195,1,1,HIT-HP MVX-1211-hh-100-cc,HIT-HP MVX-1211-24.0-100-45
-92.7,147.6,25/30,50,245,195,2,2,HIT-HP MVX-1211-hh-100-cc,HIT-HP MVX-1211-24.5-100-50
-92.7,147.6,25/30,30,225,195,2,2,HIT-HP MVX-1211-hh-100-cc,HIT-HP MVX-1211-22.5-100-30
-92.7,147.6,25/30,35,230,195,2,2,HIT-HP MVX-1211-hh-100-cc,HIT-HP MVX-1211-23.0-100-35
-92.7,147.6,25/30,40,235,195,2,2,HIT-HP MVX-1211-hh-100-cc,HIT-HP MVX-1211-23.5-100-40
-92.7,147.6,25/30,45,240,195,2,2,HIT-HP MVX-1211-hh-100-cc,HIT-HP MVX-1211-24.0-100-45
-84.5,176.0,30/37,50,245,195,1,1,HIT-HP MVX-1211-hh-100-cc,HIT-HP MVX-1211-24.5-100-50
-84.5,176.0,30/37,30,225,195,1,1,HIT-HP MVX-1211-hh-100-cc,HIT-HP MVX-1211-22.5-100-30
-84.5,176.0,30/37,35,230,195,1,1,HIT-HP MVX-1211-hh-100-cc,HIT-HP MVX-1211-23.0-100-35
-84.5,176.0,30/37,40,235,195,1,1,HIT-HP MVX-1211-hh-100-cc,HIT-HP MVX-1211-23.5-100-40
-84.5,176.0,30/37,45,240,195,1,1,HIT-HP MVX-1211-hh-100-cc,HIT-HP MVX-1211-24.0-100-45
-92.7,161.4,30/37,50,245,195,2,2,HIT-HP MVX-1211-hh-100-cc,HIT-HP MVX-1211-24.5-100-50
-92.7,161.4,30/37,30,225,195,2,2,HIT-HP MVX-1211-hh-100-cc,HIT-HP MVX-1211-22.5-100-30
-92.7,161.4,30/37,35,230,195,2,2,HIT-HP MVX-1211-hh-100-cc,HIT-HP MVX-1211-23.0-100-35
-92.7,161.4,30/37,40,235,195,2,2,HIT-HP MVX-1211-hh-100-cc,HIT-HP MVX-1211-23.5-100-40
-92.7,161.4,30/37,45,240,195,2,2,HIT-HP MVX-1211-hh-100-cc,HIT-HP MVX-1211-24.0-100-45
-68.2,176.0,20/25,50,250,200,1,1,HIT-HP MVX-1211-hh-100-cc,HIT-HP MVX-1211-25.0-100-50
-68.2,176.0,20/25,30,230,200,1,1,HIT-HP MVX-1211-hh-100-cc,HIT-HP MVX-1211-23.0-100-30
-68.2,176.0,20/25,35,235,200,1,1,HIT-HP MVX-1211-hh-100-cc,HIT-HP MVX-1211-23.5-100-35
-68.2,176.0,20/25,40,240,200,1,1,HIT-HP MVX-1211-hh-100-cc,HIT-HP MVX-1211-24.0-100-40
-68.2,176.0,20/25,45,245,200,1,1,HIT-HP MVX-1211-hh-100-cc,HIT-HP MVX-1211-24.5-100-45
-88.2,142.0,20/25,50,250,200,2,2,HIT-HP MVX-1211-hh-100-cc,HIT-HP MVX-1211-25.0-100-50
-88.2,142.0,20/25,30,230,200,2,2,HIT-HP MVX-1211-hh-100-cc,HIT-HP MVX-1211-23.0-100-30
-88.2,142.0,20/25,35,235,200,2,2,HIT-HP MVX-1211-hh-100-cc,HIT-HP MVX-1211-23.5-100-35
-88.2,142.0,20/25,40,240,200,2,2,HIT-HP MVX-1211-hh-100-cc,HIT-HP MVX-1211-24.0-100-40
-88.2,142.0,20/25,45,245,200,2,2,HIT-HP MVX-1211-hh-100-cc,HIT-HP MVX-1211-24.5-100-45
-78.8,176.0,25/30,50,250,200,1,1,HIT-HP MVX-1211-hh-100-cc,HIT-HP MVX-1211-25.0-100-50
-78.8,176.0,25/30,30,230,200,1,1,HIT-HP MVX-1211-hh-100-cc,HIT-HP MVX-1211-23.0-100-30
-78.8,176.0,25/30,35,235,200,1,1,HIT-HP MVX-1211-hh-100-cc,HIT-HP MVX-1211-23.5-100-35
-78.8,176.0,25/30,40,240,200,1,1,HIT-HP MVX-1211-hh-100-cc,HIT-HP MVX-1211-24.0-100-40
-78.8,176.0,25/30,45,245,200,1,1,HIT-HP MVX-1211-hh-100-cc,HIT-HP MVX-1211-24.5-100-45
-95.7,147.6,25/30,50,250,200,2,2,HIT-HP MVX-1211-hh-100-cc,HIT-HP MVX-1211-25.0-100-50
-95.7,147.6,25/30,30,230,200,2,2,HIT-HP MVX-1211-hh-100-cc,HIT-HP MVX-1211-23.0-100-30
-95.7,147.6,25/30,35,235,200,2,2,HIT-HP MVX-1211-hh-100-cc,HIT-HP MVX-1211-23.5-100-35
-95.7,147.6,25/30,40,240,200,2,2,HIT-HP MVX-1211-hh-100-cc,HIT-HP MVX-1211-24.0-100-40
-95.7,147.6,25/30,45,245,200,2,2,HIT-HP MVX-1211-hh-100-cc,HIT-HP MVX-1211-24.5-100-45
-87.1,176.0,30/37,50,250,200,1,1,HIT-HP MVX-1211-hh-100-cc,HIT-HP MVX-1211-25.0-100-50
-87.1,176.0,30/37,30,230,200,1,1,HIT-HP MVX-1211-hh-100-cc,HIT-HP MVX-1211-23.0-100-30
-87.1,176.0,30/37,35,235,200,1,1,HIT-HP MVX-1211-hh-100-cc,HIT-HP MVX-1211-23.5-100-35
-87.1,176.0,30/37,40,240,200,1,1,HIT-HP MVX-1211-hh-100-cc,HIT-HP MVX-1211-24.0-100-40
-87.1,176.0,30/37,45,245,200,1,1,HIT-HP MVX-1211-hh-100-cc,HIT-HP MVX-1211-24.5-100-45
-95.7,161.4,30/37,50,250,200,2,2,HIT-HP MVX-1211-hh-100-cc,HIT-HP MVX-1211-25.0-100-50
-95.7,161.4,30/37,30,230,200,2,2,HIT-HP MVX-1211-hh-100-cc,HIT-HP MVX-1211-23.0-100-30
-95.7,161.4,30/37,35,235,200,2,2,HIT-HP MVX-1211-hh-100-cc,HIT-HP MVX-1211-23.5-100-35
-95.7,161.4,30/37,40,240,200,2,2,HIT-HP MVX-1211-hh-100-cc,HIT-HP MVX-1211-24.0-100-40
-95.7,161.4,30/37,45,245,200,2,2,HIT-HP MVX-1211-hh-100-cc,HIT-HP MVX-1211-24.5-100-45
-70.2,176.0,20/25,50,255,205,1,1,HIT-HP MVX-1211-hh-100-cc,HIT-HP MVX-1211-25.5-100-50
-70.2,176.0,20/25,30,235,205,1,1,HIT-HP MVX-1211-hh-100-cc,HIT-HP MVX-1211-23.5-100-30
-70.2,176.0,20/25,35,240,205,1,1,HIT-HP MVX-1211-hh-100-cc,HIT-HP MVX-1211-24.0-100-35
-70.2,176.0,20/25,40,245,205,1,1,HIT-HP MVX-1211-hh-100-cc,HIT-HP MVX-1211-24.5-100-40
-70.2,176.0,20/25,45,250,205,1,1,HIT-HP MVX-1211-hh-100-cc,HIT-HP MVX-1211-25.0-100-45
-90.7,142.3,20/25,50,255,205,2,2,HIT-HP MVX-1211-hh-100-cc,HIT-HP MVX-1211-25.5-100-50
-90.7,142.3,20/25,30,235,205,2,2,HIT-HP MVX-1211-hh-100-cc,HIT-HP MVX-1211-23.5-100-30
-90.7,142.3,20/25,35,240,205,2,2,HIT-HP MVX-1211-hh-100-cc,HIT-HP MVX-1211-24.0-100-35
-90.7,142.3,20/25,40,245,205,2,2,HIT-HP MVX-1211-hh-100-cc,HIT-HP MVX-1211-24.5-100-40
-90.7,142.3,20/25,45,250,205,2,2,HIT-HP MVX-1211-hh-100-cc,HIT-HP MVX-1211-25.0-100-45
-81.2,176.0,25/30,50,255,205,1,1,HIT-HP MVX-1211-hh-100-cc,HIT-HP MVX-1211-25.5-100-50
-81.2,176.0,25/30,30,235,205,1,1,HIT-HP MVX-1211-hh-100-cc,HIT-HP MVX-1211-23.5-100-30
-81.2,176.0,25/30,35,240,205,1,1,HIT-HP MVX-1211-hh-100-cc,HIT-HP MVX-1211-24.0-100-35
-81.2,176.0,25/30,40,245,205,1,1,HIT-HP MVX-1211-hh-100-cc,HIT-HP MVX-1211-24.5-100-40
-81.2,176.0,25/30,45,250,205,1,1,HIT-HP MVX-1211-hh-100-cc,HIT-HP MVX-1211-25.0-100-45
-98.6,147.6,25/30,50,255,205,2,2,HIT-HP MVX-1211-hh-100-cc,HIT-HP MVX-1211-25.5-100-50
-98.6,147.6,25/30,30,235,205,2,2,HIT-HP MVX-1211-hh-100-cc,HIT-HP MVX-1211-23.5-100-30
-98.6,147.6,25/30,35,240,205,2,2,HIT-HP MVX-1211-hh-100-cc,HIT-HP MVX-1211-24.0-100-35
-98.6,147.6,25/30,40,245,205,2,2,HIT-HP MVX-1211-hh-100-cc,HIT-HP MVX-1211-24.5-100-40
-98.6,147.6,25/30,45,250,205,2,2,HIT-HP MVX-1211-hh-100-cc,HIT-HP MVX-1211-25.0-100-45
-89.8,176.0,30/37,50,255,205,1,1,HIT-HP MVX-1211-hh-100-cc,HIT-HP MVX-1211-25.5-100-50
-89.8,176.0,30/37,30,235,205,1,1,HIT-HP MVX-1211-hh-100-cc,HIT-HP MVX-1211-23.5-100-30
-89.8,176.0,30/37,35,240,205,1,1,HIT-HP MVX-1211-hh-100-cc,HIT-HP MVX-1211-24.0-100-35
-89.8,176.0,30/37,40,245,205,1,1,HIT-HP MVX-1211-hh-100-cc,HIT-HP MVX-1211-24.5-100-40
-89.8,176.0,30/37,45,250,205,1,1,HIT-HP MVX-1211-hh-100-cc,HIT-HP MVX-1211-25.0-100-45
-98.6,161.4,30/37,50,255,205,2,2,HIT-HP MVX-1211-hh-100-cc,HIT-HP MVX-1211-25.5-100-50
-98.6,161.4,30/37,30,235,205,2,2,HIT-HP MVX-1211-hh-100-cc,HIT-HP MVX-1211-23.5-100-30
-98.6,161.4,30/37,35,240,205,2,2,HIT-HP MVX-1211-hh-100-cc,HIT-HP MVX-1211-24.0-100-35
-98.6,161.4,30/37,40,245,205,2,2,HIT-HP MVX-1211-hh-100-cc,HIT-HP MVX-1211-24.5-100-40
-98.6,161.4,30/37,45,250,205,2,2,HIT-HP MVX-1211-hh-100-cc,HIT-HP MVX-1211-25.0-100-45
-72.3,176.0,20/25,50,260,210,1,1,HIT-HP MVX-1211-hh-100-cc,HIT-HP MVX-1211-26.0-100-50
-72.3,176.0,20/25,30,240,210,1,1,HIT-HP MVX-1211-hh-100-cc,HIT-HP MVX-1211-24.0-100-30
-72.3,176.0,20/25,35,245,210,1,1,HIT-HP MVX-1211-hh-100-cc,HIT-HP MVX-1211-24.5-100-35
-72.3,176.0,20/25,40,250,210,1,1,HIT-HP MVX-1211-hh-100-cc,HIT-HP MVX-1211-25.0-100-40
-72.3,176.0,20/25,45,255,210,1,1,HIT-HP MVX-1211-hh-100-cc,HIT-HP MVX-1211-25.5-100-45
-93.3,142.5,20/25,50,260,210,2,2,HIT-HP MVX-1211-hh-100-cc,HIT-HP MVX-1211-26.0-100-50
-93.3,142.5,20/25,30,240,210,2,2,HIT-HP MVX-1211-hh-100-cc,HIT-HP MVX-1211-24.0-100-30
-93.3,142.5,20/25,35,245,210,2,2,HIT-HP MVX-1211-hh-100-cc,HIT-HP MVX-1211-24.5-100-35
-93.3,142.5,20/25,40,250,210,2,2,HIT-HP MVX-1211-hh-100-cc,HIT-HP MVX-1211-25.0-100-40
-93.3,142.5,20/25,45,255,210,2,2,HIT-HP MVX-1211-hh-100-cc,HIT-HP MVX-1211-25.5-100-45
-83.6,176.0,25/30,50,260,210,1,1,HIT-HP MVX-1211-hh-100-cc,HIT-HP MVX-1211-26.0-100-50
-83.6,176.0,25/30,30,240,210,1,1,HIT-HP MVX-1211-hh-100-cc,HIT-HP MVX-1211-24.0-100-30
-83.6,176.0,25/30,35,245,210,1,1,HIT-HP MVX-1211-hh-100-cc,HIT-HP MVX-1211-24.5-100-35
-83.6,176.0,25/30,40,250,210,1,1,HIT-HP MVX-1211-hh-100-cc,HIT-HP MVX-1211-25.0-100-40
-83.6,176.0,25/30,45,255,210,1,1,HIT-HP MVX-1211-hh-100-cc,HIT-HP MVX-1211-25.5-100-45
-101.6,147.6,25/30,50,260,210,2,2,HIT-HP MVX-1211-hh-100-cc,HIT-HP MVX-1211-26.0-100-50
-101.6,147.6,25/30,30,240,210,2,2,HIT-HP MVX-1211-hh-100-cc,HIT-HP MVX-1211-24.0-100-30
-101.6,147.6,25/30,35,245,210,2,2,HIT-HP MVX-1211-hh-100-cc,HIT-HP MVX-1211-24.5-100-35
-101.6,147.6,25/30,40,250,210,2,2,HIT-HP MVX-1211-hh-100-cc,HIT-HP MVX-1211-25.0-100-40
-101.6,147.6,25/30,45,255,210,2,2,HIT-HP MVX-1211-hh-100-cc,HIT-HP MVX-1211-25.5-100-45
-92.4,176.0,30/37,50,260,210,1,1,HIT-HP MVX-1211-hh-100-cc,HIT-HP MVX-1211-26.0-100-50
-92.4,176.0,30/37,30,240,210,1,1,HIT-HP MVX-1211-hh-100-cc,HIT-HP MVX-1211-24.0-100-30
-92.4,176.0,30/37,35,245,210,1,1,HIT-HP MVX-1211-hh-100-cc,HIT-HP MVX-1211-24.5-100-35
-92.4,176.0,30/37,40,250,210,1,1,HIT-HP MVX-1211-hh-100-cc,HIT-HP MVX-1211-25.0-100-40
-92.4,176.0,30/37,45,255,210,1,1,HIT-HP MVX-1211-hh-100-cc,HIT-HP MVX-1211-25.5-100-45
-101.6,161.4,30/37,50,260,210,2,2,HIT-HP MVX-1211-hh-100-cc,HIT-HP MVX-1211-26.0-100-50
-101.6,161.4,30/37,30,240,210,2,2,HIT-HP MVX-1211-hh-100-cc,HIT-HP MVX-1211-24.0-100-30
-101.6,161.4,30/37,35,245,210,2,2,HIT-HP MVX-1211-hh-100-cc,HIT-HP MVX-1211-24.5-100-35
-101.6,161.4,30/37,40,250,210,2,2,HIT-HP MVX-1211-hh-100-cc,HIT-HP MVX-1211-25.0-100-40
-101.6,161.4,30/37,45,255,210,2,2,HIT-HP MVX-1211-hh-100-cc,HIT-HP MVX-1211-25.5-100-45
-74.4,176.0,20/25,50,265,215,1,1,HIT-HP MVX-1211-hh-100-cc,HIT-HP MVX-1211-26.5-100-50
-74.4,176.0,20/25,30,245,215,1,1,HIT-HP MVX-1211-hh-100-cc,HIT-HP MVX-1211-24.5-100-30
-74.4,176.0,20/25,35,250,215,1,1,HIT-HP MVX-1211-hh-100-cc,HIT-HP MVX-1211-25.0-100-35
-74.4,176.0,20/25,40,255,215,1,1,HIT-HP MVX-1211-hh-100-cc,HIT-HP MVX-1211-25.5-100-40
-74.4,176.0,20/25,45,260,215,1,1,HIT-HP MVX-1211-hh-100-cc,HIT-HP MVX-1211-26.0-100-45
-95.9,142.8,20/25,50,265,215,2,2,HIT-HP MVX-1211-hh-100-cc,HIT-HP MVX-1211-26.5-100-50
-95.9,142.8,20/25,30,245,215,2,2,HIT-HP MVX-1211-hh-100-cc,HIT-HP MVX-1211-24.5-100-30
-95.9,142.8,20/25,35,250,215,2,2,HIT-HP MVX-1211-hh-100-cc,HIT-HP MVX-1211-25.0-100-35
-95.9,142.8,20/25,40,255,215,2,2,HIT-HP MVX-1211-hh-100-cc,HIT-HP MVX-1211-25.5-100-40
-95.9,142.8,20/25,45,260,215,2,2,HIT-HP MVX-1211-hh-100-cc,HIT-HP MVX-1211-26.0-100-45
-86.0,176.0,25/30,50,265,215,1,1,HIT-HP MVX-1211-hh-100-cc,HIT-HP MVX-1211-26.5-100-50
-86.0,176.0,25/30,30,245,215,1,1,HIT-HP MVX-1211-hh-100-cc,HIT-HP MVX-1211-24.5-100-30
-86.0,176.0,25/30,35,250,215,1,1,HIT-HP MVX-1211-hh-100-cc,HIT-HP MVX-1211-25.0-100-35
-86.0,176.0,25/30,40,255,215,1,1,HIT-HP MVX-1211-hh-100-cc,HIT-HP MVX-1211-25.5-100-40
-86.0,176.0,25/30,45,260,215,1,1,HIT-HP MVX-1211-hh-100-cc,HIT-HP MVX-1211-26.0-100-45
-104.5,147.6,25/30,50,265,215,2,2,HIT-HP MVX-1211-hh-100-cc,HIT-HP MVX-1211-26.5-100-50
-104.5,147.6,25/30,30,245,215,2,2,HIT-HP MVX-1211-hh-100-cc,HIT-HP MVX-1211-24.5-100-30
-104.5,147.6,25/30,35,250,215,2,2,HIT-HP MVX-1211-hh-100-cc,HIT-HP MVX-1211-25.0-100-35
-104.5,147.6,25/30,40,255,215,2,2,HIT-HP MVX-1211-hh-100-cc,HIT-HP MVX-1211-25.5-100-40
-104.5,147.6,25/30,45,260,215,2,2,HIT-HP MVX-1211-hh-100-cc,HIT-HP MVX-1211-26.0-100-45
-95.1,176.0,30/37,50,265,215,1,1,HIT-HP MVX-1211-hh-100-cc,HIT-HP MVX-1211-26.5-100-50
-95.1,176.0,30/37,30,245,215,1,1,HIT-HP MVX-1211-hh-100-cc,HIT-HP MVX-1211-24.5-100-30
-95.1,176.0,30/37,35,250,215,1,1,HIT-HP MVX-1211-hh-100-cc,HIT-HP MVX-1211-25.0-100-35
-95.1,176.0,30/37,40,255,215,1,1,HIT-HP MVX-1211-hh-100-cc,HIT-HP MVX-1211-25.5-100-40
-95.1,176.0,30/37,45,260,215,1,1,HIT-HP MVX-1211-hh-100-cc,HIT-HP MVX-1211-26.0-100-45
-104.5,161.4,30/37,50,265,215,2,2,HIT-HP MVX-1211-hh-100-cc,HIT-HP MVX-1211-26.5-100-50
-104.5,161.4,30/37,30,245,215,2,2,HIT-HP MVX-1211-hh-100-cc,HIT-HP MVX-1211-24.5-100-30
-104.5,161.4,30/37,35,250,215,2,2,HIT-HP MVX-1211-hh-100-cc,HIT-HP MVX-1211-25.0-100-35
-104.5,161.4,30/37,40,255,215,2,2,HIT-HP MVX-1211-hh-100-cc,HIT-HP MVX-1211-25.5-100-40
-104.5,161.4,30/37,45,260,215,2,2,HIT-HP MVX-1211-hh-100-cc,HIT-HP MVX-1211-26.0-100-45
-76.4,176.0,20/25,50,270,220,1,1,HIT-HP MVX-1211-hh-100-cc,HIT-HP MVX-1211-27.0-100-50
-76.4,176.0,20/25,30,250,220,1,1,HIT-HP MVX-1211-hh-100-cc,HIT-HP MVX-1211-25.0-100-30
-76.4,176.0,20/25,35,255,220,1,1,HIT-HP MVX-1211-hh-100-cc,HIT-HP MVX-1211-25.5-100-35
-76.4,176.0,20/25,40,260,220,1,1,HIT-HP MVX-1211-hh-100-cc,HIT-HP MVX-1211-26.0-100-40
-76.4,176.0,20/25,45,265,220,1,1,HIT-HP MVX-1211-hh-100-cc,HIT-HP MVX-1211-26.5-100-45
-98.4,143.0,20/25,50,270,220,2,2,HIT-HP MVX-1211-hh-100-cc,HIT-HP MVX-1211-27.0-100-50
-98.4,143.0,20/25,30,250,220,2,2,HIT-HP MVX-1211-hh-100-cc,HIT-HP MVX-1211-25.0-100-30
-98.4,143.0,20/25,35,255,220,2,2,HIT-HP MVX-1211-hh-100-cc,HIT-HP MVX-1211-25.5-100-35
-98.4,143.0,20/25,40,260,220,2,2,HIT-HP MVX-1211-hh-100-cc,HIT-HP MVX-1211-26.0-100-40
-98.4,143.0,20/25,45,265,220,2,2,HIT-HP MVX-1211-hh-100-cc,HIT-HP MVX-1211-26.5-100-45
-88.4,176.0,25/30,50,270,220,1,1,HIT-HP MVX-1211-hh-100-cc,HIT-HP MVX-1211-27.0-100-50
-88.4,176.0,25/30,30,250,220,1,1,HIT-HP MVX-1211-hh-100-cc,HIT-HP MVX-1211-25.0-100-30
-88.4,176.0,25/30,35,255,220,1,1,HIT-HP MVX-1211-hh-100-cc,HIT-HP MVX-1211-25.5-100-35
-88.4,176.0,25/30,40,260,220,1,1,HIT-HP MVX-1211-hh-100-cc,HIT-HP MVX-1211-26.0-100-40
-88.4,176.0,25/30,45,265,220,1,1,HIT-HP MVX-1211-hh-100-cc,HIT-HP MVX-1211-26.5-100-45
-107.5,147.6,25/30,50,270,220,2,2,HIT-HP MVX-1211-hh-100-cc,HIT-HP MVX-1211-27.0-100-50
-107.5,147.6,25/30,30,250,220,2,2,HIT-HP MVX-1211-hh-100-cc,HIT-HP MVX-1211-25.0-100-30
-107.5,147.6,25/30,35,255,220,2,2,HIT-HP MVX-1211-hh-100-cc,HIT-HP MVX-1211-25.5-100-35
-107.5,147.6,25/30,40,260,220,2,2,HIT-HP MVX-1211-hh-100-cc,HIT-HP MVX-1211-26.0-100-40
-107.5,147.6,25/30,45,265,220,2,2,HIT-HP MVX-1211-hh-100-cc,HIT-HP MVX-1211-26.5-100-45
-97.7,176.0,30/37,50,270,220,1,1,HIT-HP MVX-1211-hh-100-cc,HIT-HP MVX-1211-27.0-100-50
-97.7,176.0,30/37,30,250,220,1,1,HIT-HP MVX-1211-hh-100-cc,HIT-HP MVX-1211-25.0-100-30
-97.7,176.0,30/37,35,255,220,1,1,HIT-HP MVX-1211-hh-100-cc,HIT-HP MVX-1211-25.5-100-35
-97.7,176.0,30/37,40,260,220,1,1,HIT-HP MVX-1211-hh-100-cc,HIT-HP MVX-1211-26.0-100-40
-97.7,176.0,30/37,45,265,220,1,1,HIT-HP MVX-1211-hh-100-cc,HIT-HP MVX-1211-26.5-100-45
-107.5,161.4,30/37,50,270,220,2,2,HIT-HP MVX-1211-hh-100-cc,HIT-HP MVX-1211-27.0-100-50
-107.5,161.4,30/37,30,250,220,2,2,HIT-HP MVX-1211-hh-100-cc,HIT-HP MVX-1211-25.0-100-30
-107.5,161.4,30/37,35,255,220,2,2,HIT-HP MVX-1211-hh-100-cc,HIT-HP MVX-1211-25.5-100-35
-107.5,161.4,30/37,40,260,220,2,2,HIT-HP MVX-1211-hh-100-cc,HIT-HP MVX-1211-26.0-100-40
-107.5,161.4,30/37,45,265,220,2,2,HIT-HP MVX-1211-hh-100-cc,HIT-HP MVX-1211-26.5-100-45
-78.5,176.0,20/25,50,275,225,1,1,HIT-HP MVX-1211-hh-100-cc,HIT-HP MVX-1211-27.5-100-50
-78.5,176.0,20/25,30,255,225,1,1,HIT-HP MVX-1211-hh-100-cc,HIT-HP MVX-1211-25.5-100-30
-78.5,176.0,20/25,35,260,225,1,1,HIT-HP MVX-1211-hh-100-cc,HIT-HP MVX-1211-26.0-100-35
-78.5,176.0,20/25,40,265,225,1,1,HIT-HP MVX-1211-hh-100-cc,HIT-HP MVX-1211-26.5-100-40
-78.5,176.0,20/25,45,270,225,1,1,HIT-HP MVX-1211-hh-100-cc,HIT-HP MVX-1211-27.0-100-45
-101.0,143.2,20/25,50,275,225,2,2,HIT-HP MVX-1211-hh-100-cc,HIT-HP MVX-1211-27.5-100-50
-101.0,143.2,20/25,30,255,225,2,2,HIT-HP MVX-1211-hh-100-cc,HIT-HP MVX-1211-25.5-100-30
-101.0,143.2,20/25,35,260,225,2,2,HIT-HP MVX-1211-hh-100-cc,HIT-HP MVX-1211-26.0-100-35
-101.0,143.2,20/25,40,265,225,2,2,HIT-HP MVX-1211-hh-100-cc,HIT-HP MVX-1211-26.5-100-40
-101.0,143.2,20/25,45,270,225,2,2,HIT-HP MVX-1211-hh-100-cc,HIT-HP MVX-1211-27.0-100-45
-90.8,176.0,25/30,50,275,225,1,1,HIT-HP MVX-1211-hh-100-cc,HIT-HP MVX-1211-27.5-100-50
-90.8,176.0,25/30,30,255,225,1,1,HIT-HP MVX-1211-hh-100-cc,HIT-HP MVX-1211-25.5-100-30
-90.8,176.0,25/30,35,260,225,1,1,HIT-HP MVX-1211-hh-100-cc,HIT-HP MVX-1211-26.0-100-35
-90.8,176.0,25/30,40,265,225,1,1,HIT-HP MVX-1211-hh-100-cc,HIT-HP MVX-1211-26.5-100-40
-90.8,176.0,25/30,45,270,225,1,1,HIT-HP MVX-1211-hh-100-cc,HIT-HP MVX-1211-27.0-100-45
-110.4,147.6,25/30,50,275,225,2,2,HIT-HP MVX-1211-hh-100-cc,HIT-HP MVX-1211-27.5-100-50
-110.4,147.6,25/30,30,255,225,2,2,HIT-HP MVX-1211-hh-100-cc,HIT-HP MVX-1211-25.5-100-30
-110.4,147.6,25/30,35,260,225,2,2,HIT-HP MVX-1211-hh-100-cc,HIT-HP MVX-1211-26.0-100-35
-110.4,147.6,25/30,40,265,225,2,2,HIT-HP MVX-1211-hh-100-cc,HIT-HP MVX-1211-26.5-100-40
-110.4,147.6,25/30,45,270,225,2,2,HIT-HP MVX-1211-hh-100-cc,HIT-HP MVX-1211-27.0-100-45
-100.4,176.0,30/37,50,275,225,1,1,HIT-HP MVX-1211-hh-100-cc,HIT-HP MVX-1211-27.5-100-50
-100.4,176.0,30/37,30,255,225,1,1,HIT-HP MVX-1211-hh-100-cc,HIT-HP MVX-1211-25.5-100-30
-100.4,176.0,30/37,35,260,225,1,1,HIT-HP MVX-1211-hh-100-cc,HIT-HP MVX-1211-26.0-100-35
-100.4,176.0,30/37,40,265,225,1,1,HIT-HP MVX-1211-hh-100-cc,HIT-HP MVX-1211-26.5-100-40
-100.4,176.0,30/37,45,270,225,1,1,HIT-HP MVX-1211-hh-100-cc,HIT-HP MVX-1211-27.0-100-45
-110.4,161.4,30/37,50,275,225,2,2,HIT-HP MVX-1211-hh-100-cc,HIT-HP MVX-1211-27.5-100-50
-110.4,161.4,30/37,30,255,225,2,2,HIT-HP MVX-1211-hh-100-cc,HIT-HP MVX-1211-25.5-100-30
-110.4,161.4,30/37,35,260,225,2,2,HIT-HP MVX-1211-hh-100-cc,HIT-HP MVX-1211-26.0-100-35
-110.4,161.4,30/37,40,265,225,2,2,HIT-HP MVX-1211-hh-100-cc,HIT-HP MVX-1211-26.5-100-40
-110.4,161.4,30/37,45,270,225,2,2,HIT-HP MVX-1211-hh-100-cc,HIT-HP MVX-1211-27.0-100-45
-80.5,176.0,20/25,50,280,230,1,1,HIT-HP MVX-1211-hh-100-cc,HIT-HP MVX-1211-28.0-100-50
-80.5,176.0,20/25,30,260,230,1,1,HIT-HP MVX-1211-hh-100-cc,HIT-HP MVX-1211-26.0-100-30
-80.5,176.0,20/25,35,265,230,1,1,HIT-HP MVX-1211-hh-100-cc,HIT-HP MVX-1211-26.5-100-35
-80.5,176.0,20/25,40,270,230,1,1,HIT-HP MVX-1211-hh-100-cc,HIT-HP MVX-1211-27.0-100-40
-80.5,176.0,20/25,45,275,230,1,1,HIT-HP MVX-1211-hh-100-cc,HIT-HP MVX-1211-27.5-100-45
-103.6,143.5,20/25,50,280,230,2,2,HIT-HP MVX-1211-hh-100-cc,HIT-HP MVX-1211-28.0-100-50
-103.6,143.5,20/25,30,260,230,2,2,HIT-HP MVX-1211-hh-100-cc,HIT-HP MVX-1211-26.0-100-30
-103.6,143.5,20/25,35,265,230,2,2,HIT-HP MVX-1211-hh-100-cc,HIT-HP MVX-1211-26.5-100-35
-103.6,143.5,20/25,40,270,230,2,2,HIT-HP MVX-1211-hh-100-cc,HIT-HP MVX-1211-27.0-100-40
-103.6,143.5,20/25,45,275,230,2,2,HIT-HP MVX-1211-hh-100-cc,HIT-HP MVX-1211-27.5-100-45
-93.1,176.0,25/30,50,280,230,1,1,HIT-HP MVX-1211-hh-100-cc,HIT-HP MVX-1211-28.0-100-50
-93.1,176.0,25/30,30,260,230,1,1,HIT-HP MVX-1211-hh-100-cc,HIT-HP MVX-1211-26.0-100-30
-93.1,176.0,25/30,35,265,230,1,1,HIT-HP MVX-1211-hh-100-cc,HIT-HP MVX-1211-26.5-100-35
-93.1,176.0,25/30,40,270,230,1,1,HIT-HP MVX-1211-hh-100-cc,HIT-HP MVX-1211-27.0-100-40
-93.1,176.0,25/30,45,275,230,1,1,HIT-HP MVX-1211-hh-100-cc,HIT-HP MVX-1211-27.5-100-45
-113.4,147.6,25/30,50,280,230,2,2,HIT-HP MVX-1211-hh-100-cc,HIT-HP MVX-1211-28.0-100-50
-113.4,147.6,25/30,30,260,230,2,2,HIT-HP MVX-1211-hh-100-cc,HIT-HP MVX-1211-26.0-100-30
-113.4,147.6,25/30,35,265,230,2,2,HIT-HP MVX-1211-hh-100-cc,HIT-HP MVX-1211-26.5-100-35
-113.4,147.6,25/30,40,270,230,2,2,HIT-HP MVX-1211-hh-100-cc,HIT-HP MVX-1211-27.0-100-40
-113.4,147.6,25/30,45,275,230,2,2,HIT-HP MVX-1211-hh-100-cc,HIT-HP MVX-1211-27.5-100-45
-103.1,176.0,30/37,50,280,230,1,1,HIT-HP MVX-1211-hh-100-cc,HIT-HP MVX-1211-28.0-100-50
-103.1,176.0,30/37,30,260,230,1,1,HIT-HP MVX-1211-hh-100-cc,HIT-HP MVX-1211-26.0-100-30
-103.1,176.0,30/37,35,265,230,1,1,HIT-HP MVX-1211-hh-100-cc,HIT-HP MVX-1211-26.5-100-35
-103.1,176.0,30/37,40,270,230,1,1,HIT-HP MVX-1211-hh-100-cc,HIT-HP MVX-1211-27.0-100-40
-103.1,176.0,30/37,45,275,230,1,1,HIT-HP MVX-1211-hh-100-cc,HIT-HP MVX-1211-27.5-100-45
-113.4,161.4,30/37,50,280,230,2,2,HIT-HP MVX-1211-hh-100-cc,HIT-HP MVX-1211-28.0-100-50
-113.4,161.4,30/37,30,260,230,2,2,HIT-HP MVX-1211-hh-100-cc,HIT-HP MVX-1211-26.0-100-30
-113.4,161.4,30/37,35,265,230,2,2,HIT-HP MVX-1211-hh-100-cc,HIT-HP MVX-1211-26.5-100-35
-113.4,161.4,30/37,40,270,230,2,2,HIT-HP MVX-1211-hh-100-cc,HIT-HP MVX-1211-27.0-100-40
-113.4,161.4,30/37,45,275,230,2,2,HIT-HP MVX-1211-hh-100-cc,HIT-HP MVX-1211-27.5-100-45
-82.6,176.0,20/25,50,285,235,1,1,HIT-HP MVX-1211-hh-100-cc,HIT-HP MVX-1211-28.5-100-50
-82.6,176.0,20/25,30,265,235,1,1,HIT-HP MVX-1211-hh-100-cc,HIT-HP MVX-1211-26.5-100-30
-82.6,176.0,20/25,35,270,235,1,1,HIT-HP MVX-1211-hh-100-cc,HIT-HP MVX-1211-27.0-100-35
-82.6,176.0,20/25,40,275,235,1,1,HIT-HP MVX-1211-hh-100-cc,HIT-HP MVX-1211-27.5-100-40
-82.6,176.0,20/25,45,280,235,1,1,HIT-HP MVX-1211-hh-100-cc,HIT-HP MVX-1211-28.0-100-45
-106.2,143.7,20/25,50,285,235,2,2,HIT-HP MVX-1211-hh-100-cc,HIT-HP MVX-1211-28.5-100-50
-106.2,143.7,20/25,30,265,235,2,2,HIT-HP MVX-1211-hh-100-cc,HIT-HP MVX-1211-26.5-100-30
-106.2,143.7,20/25,35,270,235,2,2,HIT-HP MVX-1211-hh-100-cc,HIT-HP MVX-1211-27.0-100-35
-106.2,143.7,20/25,40,275,235,2,2,HIT-HP MVX-1211-hh-100-cc,HIT-HP MVX-1211-27.5-100-40
-106.2,143.7,20/25,45,280,235,2,2,HIT-HP MVX-1211-hh-100-cc,HIT-HP MVX-1211-28.0-100-45
-95.5,176.0,25/30,50,285,235,1,1,HIT-HP MVX-1211-hh-100-cc,HIT-HP MVX-1211-28.5-100-50
-95.5,176.0,25/30,30,265,235,1,1,HIT-HP MVX-1211-hh-100-cc,HIT-HP MVX-1211-26.5-100-30
-95.5,176.0,25/30,35,270,235,1,1,HIT-HP MVX-1211-hh-100-cc,HIT-HP MVX-1211-27.0-100-35
-95.5,176.0,25/30,40,275,235,1,1,HIT-HP MVX-1211-hh-100-cc,HIT-HP MVX-1211-27.5-100-40
-95.5,176.0,25/30,45,280,235,1,1,HIT-HP MVX-1211-hh-100-cc,HIT-HP MVX-1211-28.0-100-45
-116.3,147.6,25/30,50,285,235,2,2,HIT-HP MVX-1211-hh-100-cc,HIT-HP MVX-1211-28.5-100-50
-116.3,147.6,25/30,30,265,235,2,2,HIT-HP MVX-1211-hh-100-cc,HIT-HP MVX-1211-26.5-100-30
-116.3,147.6,25/30,35,270,235,2,2,HIT-HP MVX-1211-hh-100-cc,HIT-HP MVX-1211-27.0-100-35
-116.3,147.6,25/30,40,275,235,2,2,HIT-HP MVX-1211-hh-100-cc,HIT-HP MVX-1211-27.5-100-40
-116.3,147.6,25/30,45,280,235,2,2,HIT-HP MVX-1211-hh-100-cc,HIT-HP MVX-1211-28.0-100-45
-105.7,176.0,30/37,50,285,235,1,1,HIT-HP MVX-1211-hh-100-cc,HIT-HP MVX-1211-28.5-100-50
-105.7,176.0,30/37,30,265,235,1,1,HIT-HP MVX-1211-hh-100-cc,HIT-HP MVX-1211-26.5-100-30
-105.7,176.0,30/37,35,270,235,1,1,HIT-HP MVX-1211-hh-100-cc,HIT-HP MVX-1211-27.0-100-35
-105.7,176.0,30/37,40,275,235,1,1,HIT-HP MVX-1211-hh-100-cc,HIT-HP MVX-1211-27.5-100-40
-105.7,176.0,30/37,45,280,235,1,1,HIT-HP MVX-1211-hh-100-cc,HIT-HP MVX-1211-28.0-100-45
-116.3,161.4,30/37,50,285,235,2,2,HIT-HP MVX-1211-hh-100-cc,HIT-HP MVX-1211-28.5-100-50
-116.3,161.4,30/37,30,265,235,2,2,HIT-HP MVX-1211-hh-100-cc,HIT-HP MVX-1211-26.5-100-30
-116.3,161.4,30/37,35,270,235,2,2,HIT-HP MVX-1211-hh-100-cc,HIT-HP MVX-1211-27.0-100-35
-116.3,161.4,30/37,40,275,235,2,2,HIT-HP MVX-1211-hh-100-cc,HIT-HP MVX-1211-27.5-100-40
-116.3,161.4,30/37,45,280,235,2,2,HIT-HP MVX-1211-hh-100-cc,HIT-HP MVX-1211-28.0-100-45
-84.7,176.0,20/25,50,290,240,1,1,HIT-HP MVX-1211-hh-100-cc,HIT-HP MVX-1211-29.0-100-50
-84.7,176.0,20/25,30,270,240,1,1,HIT-HP MVX-1211-hh-100-cc,HIT-HP MVX-1211-27.0-100-30
-84.7,176.0,20/25,35,275,240,1,1,HIT-HP MVX-1211-hh-100-cc,HIT-HP MVX-1211-27.5-100-35
-84.7,176.0,20/25,40,280,240,1,1,HIT-HP MVX-1211-hh-100-cc,HIT-HP MVX-1211-28.0-100-40
-84.7,176.0,20/25,45,285,240,1,1,HIT-HP MVX-1211-hh-100-cc,HIT-HP MVX-1211-28.5-100-45
-108.7,143.8,20/25,50,290,240,2,2,HIT-HP MVX-1211-hh-100-cc,HIT-HP MVX-1211-29.0-100-50
-108.7,143.8,20/25,30,270,240,2,2,HIT-HP MVX-1211-hh-100-cc,HIT-HP MVX-1211-27.0-100-30
-108.7,143.8,20/25,35,275,240,2,2,HIT-HP MVX-1211-hh-100-cc,HIT-HP MVX-1211-27.5-100-35
-108.7,143.8,20/25,40,280,240,2,2,HIT-HP MVX-1211-hh-100-cc,HIT-HP MVX-1211-28.0-100-40
-108.7,143.8,20/25,45,285,240,2,2,HIT-HP MVX-1211-hh-100-cc,HIT-HP MVX-1211-28.5-100-45
-97.9,176.0,25/30,50,290,240,1,1,HIT-HP MVX-1211-hh-100-cc,HIT-HP MVX-1211-29.0-100-50
-97.9,176.0,25/30,30,270,240,1,1,HIT-HP MVX-1211-hh-100-cc,HIT-HP MVX-1211-27.0-100-30
-97.9,176.0,25/30,35,275,240,1,1,HIT-HP MVX-1211-hh-100-cc,HIT-HP MVX-1211-27.5-100-35
-97.9,176.0,25/30,40,280,240,1,1,HIT-HP MVX-1211-hh-100-cc,HIT-HP MVX-1211-28.0-100-40
-97.9,176.0,25/30,45,285,240,1,1,HIT-HP MVX-1211-hh-100-cc,HIT-HP MVX-1211-28.5-100-45
-119.3,147.6,25/30,50,290,240,2,2,HIT-HP MVX-1211-hh-100-cc,HIT-HP MVX-1211-29.0-100-50
-119.3,147.6,25/30,30,270,240,2,2,HIT-HP MVX-1211-hh-100-cc,HIT-HP MVX-1211-27.0-100-30
-119.3,147.6,25/30,35,275,240,2,2,HIT-HP MVX-1211-hh-100-cc,HIT-HP MVX-1211-27.5-100-35
-119.3,147.6,25/30,40,280,240,2,2,HIT-HP MVX-1211-hh-100-cc,HIT-HP MVX-1211-28.0-100-40
-119.3,147.6,25/30,45,285,240,2,2,HIT-HP MVX-1211-hh-100-cc,HIT-HP MVX-1211-28.5-100-45
-108.4,176.0,30/37,50,290,240,1,1,HIT-HP MVX-1211-hh-100-cc,HIT-HP MVX-1211-29.0-100-50
-108.4,176.0,30/37,30,270,240,1,1,HIT-HP MVX-1211-hh-100-cc,HIT-HP MVX-1211-27.0-100-30
-108.4,176.0,30/37,35,275,240,1,1,HIT-HP MVX-1211-hh-100-cc,HIT-HP MVX-1211-27.5-100-35
-108.4,176.0,30/37,40,280,240,1,1,HIT-HP MVX-1211-hh-100-cc,HIT-HP MVX-1211-28.0-100-40
-108.4,176.0,30/37,45,285,240,1,1,HIT-HP MVX-1211-hh-100-cc,HIT-HP MVX-1211-28.5-100-45
-119.3,161.4,30/37,50,290,240,2,2,HIT-HP MVX-1211-hh-100-cc,HIT-HP MVX-1211-29.0-100-50
-119.3,161.4,30/37,30,270,240,2,2,HIT-HP MVX-1211-hh-100-cc,HIT-HP MVX-1211-27.0-100-30
-119.3,161.4,30/37,35,275,240,2,2,HIT-HP MVX-1211-hh-100-cc,HIT-HP MVX-1211-27.5-100-35
-119.3,161.4,30/37,40,280,240,2,2,HIT-HP MVX-1211-hh-100-cc,HIT-HP MVX-1211-28.0-100-40
-119.3,161.4,30/37,45,285,240,2,2,HIT-HP MVX-1211-hh-100-cc,HIT-HP MVX-1211-28.5-100-45
-86.7,176.0,20/25,50,295,245,1,1,HIT-HP MVX-1211-hh-100-cc,HIT-HP MVX-1211-29.5-100-50
-86.7,176.0,20/25,30,275,245,1,1,HIT-HP MVX-1211-hh-100-cc,HIT-HP MVX-1211-27.5-100-30
-86.7,176.0,20/25,35,280,245,1,1,HIT-HP MVX-1211-hh-100-cc,HIT-HP MVX-1211-28.0-100-35
-86.7,176.0,20/25,40,285,245,1,1,HIT-HP MVX-1211-hh-100-cc,HIT-HP MVX-1211-28.5-100-40
-86.7,176.0,20/25,45,290,245,1,1,HIT-HP MVX-1211-hh-100-cc,HIT-HP MVX-1211-29.0-100-45
-111.3,144.0,20/25,50,295,245,2,2,HIT-HP MVX-1211-hh-100-cc,HIT-HP MVX-1211-29.5-100-50
-111.3,144.0,20/25,30,275,245,2,2,HIT-HP MVX-1211-hh-100-cc,HIT-HP MVX-1211-27.5-100-30
-111.3,144.0,20/25,35,280,245,2,2,HIT-HP MVX-1211-hh-100-cc,HIT-HP MVX-1211-28.0-100-35
-111.3,144.0,20/25,40,285,245,2,2,HIT-HP MVX-1211-hh-100-cc,HIT-HP MVX-1211-28.5-100-40
-111.3,144.0,20/25,45,290,245,2,2,HIT-HP MVX-1211-hh-100-cc,HIT-HP MVX-1211-29.0-100-45
-100.3,176.0,25/30,50,295,245,1,1,HIT-HP MVX-1211-hh-100-cc,HIT-HP MVX-1211-29.5-100-50
-100.3,176.0,25/30,30,275,245,1,1,HIT-HP MVX-1211-hh-100-cc,HIT-HP MVX-1211-27.5-100-30
-100.3,176.0,25/30,35,280,245,1,1,HIT-HP MVX-1211-hh-100-cc,HIT-HP MVX-1211-28.0-100-35
-100.3,176.0,25/30,40,285,245,1,1,HIT-HP MVX-1211-hh-100-cc,HIT-HP MVX-1211-28.5-100-40
-100.3,176.0,25/30,45,290,245,1,1,HIT-HP MVX-1211-hh-100-cc,HIT-HP MVX-1211-29.0-100-45
-122.2,147.6,25/30,50,295,245,2,2,HIT-HP MVX-1211-hh-100-cc,HIT-HP MVX-1211-29.5-100-50
-122.2,147.6,25/30,30,275,245,2,2,HIT-HP MVX-1211-hh-100-cc,HIT-HP MVX-1211-27.5-100-30
-122.2,147.6,25/30,35,280,245,2,2,HIT-HP MVX-1211-hh-100-cc,HIT-HP MVX-1211-28.0-100-35
-122.2,147.6,25/30,40,285,245,2,2,HIT-HP MVX-1211-hh-100-cc,HIT-HP MVX-1211-28.5-100-40
-122.2,147.6,25/30,45,290,245,2,2,HIT-HP MVX-1211-hh-100-cc,HIT-HP MVX-1211-29.0-100-45
-111.0,176.0,30/37,50,295,245,1,1,HIT-HP MVX-1211-hh-100-cc,HIT-HP MVX-1211-29.5-100-50
-111.0,176.0,30/37,30,275,245,1,1,HIT-HP MVX-1211-hh-100-cc,HIT-HP MVX-1211-27.5-100-30
-111.0,176.0,30/37,35,280,245,1,1,HIT-HP MVX-1211-hh-100-cc,HIT-HP MVX-1211-28.0-100-35
-111.0,176.0,30/37,40,285,245,1,1,HIT-HP MVX-1211-hh-100-cc,HIT-HP MVX-1211-28.5-100-40
-111.0,176.0,30/37,45,290,245,1,1,HIT-HP MVX-1211-hh-100-cc,HIT-HP MVX-1211-29.0-100-45
-122.2,161.4,30/37,50,295,245,2,2,HIT-HP MVX-1211-hh-100-cc,HIT-HP MVX-1211-29.5-100-50
-122.2,161.4,30/37,30,275,245,2,2,HIT-HP MVX-1211-hh-100-cc,HIT-HP MVX-1211-27.5-100-30
-122.2,161.4,30/37,35,280,245,2,2,HIT-HP MVX-1211-hh-100-cc,HIT-HP MVX-1211-28.0-100-35
-122.2,161.4,30/37,40,285,245,2,2,HIT-HP MVX-1211-hh-100-cc,HIT-HP MVX-1211-28.5-100-40
-122.2,161.4,30/37,45,290,245,2,2,HIT-HP MVX-1211-hh-100-cc,HIT-HP MVX-1211-29.0-100-45
-88.8,176.0,20/25,50,300,250,1,1,HIT-HP MVX-1211-hh-100-cc,HIT-HP MVX-1211-30.0-100-50
-88.8,176.0,20/25,30,280,250,1,1,HIT-HP MVX-1211-hh-100-cc,HIT-HP MVX-1211-28.0-100-30
-88.8,176.0,20/25,35,285,250,1,1,HIT-HP MVX-1211-hh-100-cc,HIT-HP MVX-1211-28.5-100-35
-88.8,176.0,20/25,40,290,250,1,1,HIT-HP MVX-1211-hh-100-cc,HIT-HP MVX-1211-29.0-100-40
-88.8,176.0,20/25,45,295,250,1,1,HIT-HP MVX-1211-hh-100-cc,HIT-HP MVX-1211-29.5-100-45
-113.9,144.2,20/25,50,300,250,2,2,HIT-HP MVX-1211-hh-100-cc,HIT-HP MVX-1211-30.0-100-50
-113.9,144.2,20/25,30,280,250,2,2,HIT-HP MVX-1211-hh-100-cc,HIT-HP MVX-1211-28.0-100-30
-113.9,144.2,20/25,35,285,250,2,2,HIT-HP MVX-1211-hh-100-cc,HIT-HP MVX-1211-28.5-100-35
-113.9,144.2,20/25,40,290,250,2,2,HIT-HP MVX-1211-hh-100-cc,HIT-HP MVX-1211-29.0-100-40
-113.9,144.2,20/25,45,295,250,2,2,HIT-HP MVX-1211-hh-100-cc,HIT-HP MVX-1211-29.5-100-45
-102.7,176.0,25/30,50,300,250,1,1,HIT-HP MVX-1211-hh-100-cc,HIT-HP MVX-1211-30.0-100-50
-102.7,176.0,25/30,30,280,250,1,1,HIT-HP MVX-1211-hh-100-cc,HIT-HP MVX-1211-28.0-100-30
-102.7,176.0,25/30,35,285,250,1,1,HIT-HP MVX-1211-hh-100-cc,HIT-HP MVX-1211-28.5-100-35
-102.7,176.0,25/30,40,290,250,1,1,HIT-HP MVX-1211-hh-100-cc,HIT-HP MVX-1211-29.0-100-40
-102.7,176.0,25/30,45,295,250,1,1,HIT-HP MVX-1211-hh-100-cc,HIT-HP MVX-1211-29.5-100-45
-125.2,147.6,25/30,50,300,250,2,2,HIT-HP MVX-1211-hh-100-cc,HIT-HP MVX-1211-30.0-100-50
-125.2,147.6,25/30,30,280,250,2,2,HIT-HP MVX-1211-hh-100-cc,HIT-HP MVX-1211-28.0-100-30
-125.2,147.6,25/30,35,285,250,2,2,HIT-HP MVX-1211-hh-100-cc,HIT-HP MVX-1211-28.5-100-35
-125.2,147.6,25/30,40,290,250,2,2,HIT-HP MVX-1211-hh-100-cc,HIT-HP MVX-1211-29.0-100-40
-125.2,147.6,25/30,45,295,250,2,2,HIT-HP MVX-1211-hh-100-cc,HIT-HP MVX-1211-29.5-100-45
-113.7,176.0,30/37,50,300,250,1,1,HIT-HP MVX-1211-hh-100-cc,HIT-HP MVX-1211-30.0-100-50
-113.7,176.0,30/37,30,280,250,1,1,HIT-HP MVX-1211-hh-100-cc,HIT-HP MVX-1211-28.0-100-30
-113.7,176.0,30/37,35,285,250,1,1,HIT-HP MVX-1211-hh-100-cc,HIT-HP MVX-1211-28.5-100-35
-113.7,176.0,30/37,40,290,250,1,1,HIT-HP MVX-1211-hh-100-cc,HIT-HP MVX-1211-29.0-100-40
-113.7,176.0,30/37,45,295,250,1,1,HIT-HP MVX-1211-hh-100-cc,HIT-HP MVX-1211-29.5-100-45
-125.2,161.4,30/37,50,300,250,2,2,HIT-HP MVX-1211-hh-100-cc,HIT-HP MVX-1211-30.0-100-50
-125.2,161.4,30/37,30,280,250,2,2,HIT-HP MVX-1211-hh-100-cc,HIT-HP MVX-1211-28.0-100-30
-125.2,161.4,30/37,35,285,250,2,2,HIT-HP MVX-1211-hh-100-cc,HIT-HP MVX-1211-28.5-100-35
-125.2,161.4,30/37,40,290,250,2,2,HIT-HP MVX-1211-hh-100-cc,HIT-HP MVX-1211-29.0-100-40
-125.2,161.4,30/37,45,295,250,2,2,HIT-HP MVX-1211-hh-100-cc,HIT-HP MVX-1211-29.5-100-45
-90.9,176.0,20/25,50,305,255,1,1,HIT-HP MVX-1211-hh-100-cc,HIT-HP MVX-1211-30.5-100-50
-90.9,176.0,20/25,30,285,255,1,1,HIT-HP MVX-1211-hh-100-cc,HIT-HP MVX-1211-28.5-100-30
-90.9,176.0,20/25,35,290,255,1,1,HIT-HP MVX-1211-hh-100-cc,HIT-HP MVX-1211-29.0-100-35
-90.9,176.0,20/25,40,295,255,1,1,HIT-HP MVX-1211-hh-100-cc,HIT-HP MVX-1211-29.5-100-40
-90.9,176.0,20/25,45,300,255,1,1,HIT-HP MVX-1211-hh-100-cc,HIT-HP MVX-1211-30.0-100-45
-116.5,144.3,20/25,50,305,255,2,2,HIT-HP MVX-1211-hh-100-cc,HIT-HP MVX-1211-30.5-100-50
-116.5,144.3,20/25,30,285,255,2,2,HIT-HP MVX-1211-hh-100-cc,HIT-HP MVX-1211-28.5-100-30
-116.5,144.3,20/25,35,290,255,2,2,HIT-HP MVX-1211-hh-100-cc,HIT-HP MVX-1211-29.0-100-35
-116.5,144.3,20/25,40,295,255,2,2,HIT-HP MVX-1211-hh-100-cc,HIT-HP MVX-1211-29.5-100-40
-116.5,144.3,20/25,45,300,255,2,2,HIT-HP MVX-1211-hh-100-cc,HIT-HP MVX-1211-30.0-100-45
-105.1,176.0,25/30,50,305,255,1,1,HIT-HP MVX-1211-hh-100-cc,HIT-HP MVX-1211-30.5-100-50
-105.1,176.0,25/30,30,285,255,1,1,HIT-HP MVX-1211-hh-100-cc,HIT-HP MVX-1211-28.5-100-30
-105.1,176.0,25/30,35,290,255,1,1,HIT-HP MVX-1211-hh-100-cc,HIT-HP MVX-1211-29.0-100-35
-105.1,176.0,25/30,40,295,255,1,1,HIT-HP MVX-1211-hh-100-cc,HIT-HP MVX-1211-29.5-100-40
-105.1,176.0,25/30,45,300,255,1,1,HIT-HP MVX-1211-hh-100-cc,HIT-HP MVX-1211-30.0-100-45
-128.1,147.6,25/30,50,305,255,2,2,HIT-HP MVX-1211-hh-100-cc,HIT-HP MVX-1211-30.5-100-50
-128.1,147.6,25/30,30,285,255,2,2,HIT-HP MVX-1211-hh-100-cc,HIT-HP MVX-1211-28.5-100-30
-128.1,147.6,25/30,35,290,255,2,2,HIT-HP MVX-1211-hh-100-cc,HIT-HP MVX-1211-29.0-100-35
-128.1,147.6,25/30,40,295,255,2,2,HIT-HP MVX-1211-hh-100-cc,HIT-HP MVX-1211-29.5-100-40
-128.1,147.6,25/30,45,300,255,2,2,HIT-HP MVX-1211-hh-100-cc,HIT-HP MVX-1211-30.0-100-45
-116.4,176.0,30/37,50,305,255,1,1,HIT-HP MVX-1211-hh-100-cc,HIT-HP MVX-1211-30.5-100-50
-116.4,176.0,30/37,30,285,255,1,1,HIT-HP MVX-1211-hh-100-cc,HIT-HP MVX-1211-28.5-100-30
-116.4,176.0,30/37,35,290,255,1,1,HIT-HP MVX-1211-hh-100-cc,HIT-HP MVX-1211-29.0-100-35
-116.4,176.0,30/37,40,295,255,1,1,HIT-HP MVX-1211-hh-100-cc,HIT-HP MVX-1211-29.5-100-40
-116.4,176.0,30/37,45,300,255,1,1,HIT-HP MVX-1211-hh-100-cc,HIT-HP MVX-1211-30.0-100-45
-128.1,161.4,30/37,50,305,255,2,2,HIT-HP MVX-1211-hh-100-cc,HIT-HP MVX-1211-30.5-100-50
-128.1,161.4,30/37,30,285,255,2,2,HIT-HP MVX-1211-hh-100-cc,HIT-HP MVX-1211-28.5-100-30
-128.1,161.4,30/37,35,290,255,2,2,HIT-HP MVX-1211-hh-100-cc,HIT-HP MVX-1211-29.0-100-35
-128.1,161.4,30/37,40,295,255,2,2,HIT-HP MVX-1211-hh-100-cc,HIT-HP MVX-1211-29.5-100-40
-128.1,161.4,30/37,45,300,255,2,2,HIT-HP MVX-1211-hh-100-cc,HIT-HP MVX-1211-30.0-100-45
-92.9,176.0,20/25,50,310,260,1,1,HIT-HP MVX-1211-hh-100-cc,HIT-HP MVX-1211-31.0-100-50
-92.9,176.0,20/25,30,290,260,1,1,HIT-HP MVX-1211-hh-100-cc,HIT-HP MVX-1211-29.0-100-30
-92.9,176.0,20/25,35,295,260,1,1,HIT-HP MVX-1211-hh-100-cc,HIT-HP MVX-1211-29.5-100-35
-92.9,176.0,20/25,40,300,260,1,1,HIT-HP MVX-1211-hh-100-cc,HIT-HP MVX-1211-30.0-100-40
-92.9,176.0,20/25,45,305,260,1,1,HIT-HP MVX-1211-hh-100-cc,HIT-HP MVX-1211-30.5-100-45
-119.0,144.5,20/25,50,310,260,2,2,HIT-HP MVX-1211-hh-100-cc,HIT-HP MVX-1211-31.0-100-50
-119.0,144.5,20/25,30,290,260,2,2,HIT-HP MVX-1211-hh-100-cc,HIT-HP MVX-1211-29.0-100-30
-119.0,144.5,20/25,35,295,260,2,2,HIT-HP MVX-1211-hh-100-cc,HIT-HP MVX-1211-29.5-100-35
-119.0,144.5,20/25,40,300,260,2,2,HIT-HP MVX-1211-hh-100-cc,HIT-HP MVX-1211-30.0-100-40
-119.0,144.5,20/25,45,305,260,2,2,HIT-HP MVX-1211-hh-100-cc,HIT-HP MVX-1211-30.5-100-45
-107.4,176.0,25/30,50,310,260,1,1,HIT-HP MVX-1211-hh-100-cc,HIT-HP MVX-1211-31.0-100-50
-107.4,176.0,25/30,30,290,260,1,1,HIT-HP MVX-1211-hh-100-cc,HIT-HP MVX-1211-29.0-100-30
-107.4,176.0,25/30,35,295,260,1,1,HIT-HP MVX-1211-hh-100-cc,HIT-HP MVX-1211-29.5-100-35
-107.4,176.0,25/30,40,300,260,1,1,HIT-HP MVX-1211-hh-100-cc,HIT-HP MVX-1211-30.0-100-40
-107.4,176.0,25/30,45,305,260,1,1,HIT-HP MVX-1211-hh-100-cc,HIT-HP MVX-1211-30.5-100-45
-131.1,147.6,25/30,50,310,260,2,2,HIT-HP MVX-1211-hh-100-cc,HIT-HP MVX-1211-31.0-100-50
-131.1,147.6,25/30,30,290,260,2,2,HIT-HP MVX-1211-hh-100-cc,HIT-HP MVX-1211-29.0-100-30
-131.1,147.6,25/30,35,295,260,2,2,HIT-HP MVX-1211-hh-100-cc,HIT-HP MVX-1211-29.5-100-35
-131.1,147.6,25/30,40,300,260,2,2,HIT-HP MVX-1211-hh-100-cc,HIT-HP MVX-1211-30.0-100-40
-131.1,147.6,25/30,45,305,260,2,2,HIT-HP MVX-1211-hh-100-cc,HIT-HP MVX-1211-30.5-100-45
-119.0,176.0,30/37,50,310,260,1,1,HIT-HP MVX-1211-hh-100-cc,HIT-HP MVX-1211-31.0-100-50
-119.0,176.0,30/37,30,290,260,1,1,HIT-HP MVX-1211-hh-100-cc,HIT-HP MVX-1211-29.0-100-30
-119.0,176.0,30/37,35,295,260,1,1,HIT-HP MVX-1211-hh-100-cc,HIT-HP MVX-1211-29.5-100-35
-119.0,176.0,30/37,40,300,260,1,1,HIT-HP MVX-1211-hh-100-cc,HIT-HP MVX-1211-30.0-100-40
-119.0,176.0,30/37,45,305,260,1,1,HIT-HP MVX-1211-hh-100-cc,HIT-HP MVX-1211-30.5-100-45
-131.1,161.4,30/37,50,310,260,2,2,HIT-HP MVX-1211-hh-100-cc,HIT-HP MVX-1211-31.0-100-50
-131.1,161.4,30/37,30,290,260,2,2,HIT-HP MVX-1211-hh-100-cc,HIT-HP MVX-1211-29.0-100-30
-131.1,161.4,30/37,35,295,260,2,2,HIT-HP MVX-1211-hh-100-cc,HIT-HP MVX-1211-29.5-100-35
-131.1,161.4,30/37,40,300,260,2,2,HIT-HP MVX-1211-hh-100-cc,HIT-HP MVX-1211-30.0-100-40
-131.1,161.4,30/37,45,305,260,2,2,HIT-HP MVX-1211-hh-100-cc,HIT-HP MVX-1211-30.5-100-45
-95.0,176.0,20/25,50,315,265,1,1,HIT-HP MVX-1211-hh-100-cc,HIT-HP MVX-1211-31.5-100-50
-95.0,176.0,20/25,30,295,265,1,1,HIT-HP MVX-1211-hh-100-cc,HIT-HP MVX-1211-29.5-100-30
-95.0,176.0,20/25,35,300,265,1,1,HIT-HP MVX-1211-hh-100-cc,HIT-HP MVX-1211-30.0-100-35
-95.0,176.0,20/25,40,305,265,1,1,HIT-HP MVX-1211-hh-100-cc,HIT-HP MVX-1211-30.5-100-40
-95.0,176.0,20/25,45,310,265,1,1,HIT-HP MVX-1211-hh-100-cc,HIT-HP MVX-1211-31.0-100-45
-121.6,144.6,20/25,50,315,265,2,2,HIT-HP MVX-1211-hh-100-cc,HIT-HP MVX-1211-31.5-100-50
-121.6,144.6,20/25,30,295,265,2,2,HIT-HP MVX-1211-hh-100-cc,HIT-HP MVX-1211-29.5-100-30
-121.6,144.6,20/25,35,300,265,2,2,HIT-HP MVX-1211-hh-100-cc,HIT-HP MVX-1211-30.0-100-35
-121.6,144.6,20/25,40,305,265,2,2,HIT-HP MVX-1211-hh-100-cc,HIT-HP MVX-1211-30.5-100-40
-121.6,144.6,20/25,45,310,265,2,2,HIT-HP MVX-1211-hh-100-cc,HIT-HP MVX-1211-31.0-100-45
-109.8,176.0,25/30,50,315,265,1,1,HIT-HP MVX-1211-hh-100-cc,HIT-HP MVX-1211-31.5-100-50
-109.8,176.0,25/30,30,295,265,1,1,HIT-HP MVX-1211-hh-100-cc,HIT-HP MVX-1211-29.5-100-30
-109.8,176.0,25/30,35,300,265,1,1,HIT-HP MVX-1211-hh-100-cc,HIT-HP MVX-1211-30.0-100-35
-109.8,176.0,25/30,40,305,265,1,1,HIT-HP MVX-1211-hh-100-cc,HIT-HP MVX-1211-30.5-100-40
-109.8,176.0,25/30,45,310,265,1,1,HIT-HP MVX-1211-hh-100-cc,HIT-HP MVX-1211-31.0-100-45
-134.0,147.6,25/30,50,315,265,2,2,HIT-HP MVX-1211-hh-100-cc,HIT-HP MVX-1211-31.5-100-50
-134.0,147.6,25/30,30,295,265,2,2,HIT-HP MVX-1211-hh-100-cc,HIT-HP MVX-1211-29.5-100-30
-134.0,147.6,25/30,35,300,265,2,2,HIT-HP MVX-1211-hh-100-cc,HIT-HP MVX-1211-30.0-100-35
-134.0,147.6,25/30,40,305,265,2,2,HIT-HP MVX-1211-hh-100-cc,HIT-HP MVX-1211-30.5-100-40
-134.0,147.6,25/30,45,310,265,2,2,HIT-HP MVX-1211-hh-100-cc,HIT-HP MVX-1211-31.0-100-45
-121.7,176.0,30/37,50,315,265,1,1,HIT-HP MVX-1211-hh-100-cc,HIT-HP MVX-1211-31.5-100-50
-121.7,176.0,30/37,30,295,265,1,1,HIT-HP MVX-1211-hh-100-cc,HIT-HP MVX-1211-29.5-100-30
-121.7,176.0,30/37,35,300,265,1,1,HIT-HP MVX-1211-hh-100-cc,HIT-HP MVX-1211-30.0-100-35
-121.7,176.0,30/37,40,305,265,1,1,HIT-HP MVX-1211-hh-100-cc,HIT-HP MVX-1211-30.5-100-40
-121.7,176.0,30/37,45,310,265,1,1,HIT-HP MVX-1211-hh-100-cc,HIT-HP MVX-1211-31.0-100-45
-134.0,161.4,30/37,50,315,265,2,2,HIT-HP MVX-1211-hh-100-cc,HIT-HP MVX-1211-31.5-100-50
-134.0,161.4,30/37,30,295,265,2,2,HIT-HP MVX-1211-hh-100-cc,HIT-HP MVX-1211-29.5-100-30
-134.0,161.4,30/37,35,300,265,2,2,HIT-HP MVX-1211-hh-100-cc,HIT-HP MVX-1211-30.0-100-35
-134.0,161.4,30/37,40,305,265,2,2,HIT-HP MVX-1211-hh-100-cc,HIT-HP MVX-1211-30.5-100-40
-134.0,161.4,30/37,45,310,265,2,2,HIT-HP MVX-1211-hh-100-cc,HIT-HP MVX-1211-31.0-100-45
-97.0,176.0,20/25,50,320,270,1,1,HIT-HP MVX-1211-hh-100-cc,HIT-HP MVX-1211-32.0-100-50
-97.0,176.0,20/25,30,300,270,1,1,HIT-HP MVX-1211-hh-100-cc,HIT-HP MVX-1211-30.0-100-30
-97.0,176.0,20/25,35,305,270,1,1,HIT-HP MVX-1211-hh-100-cc,HIT-HP MVX-1211-30.5-100-35
-97.0,176.0,20/25,40,310,270,1,1,HIT-HP MVX-1211-hh-100-cc,HIT-HP MVX-1211-31.0-100-40
-97.0,176.0,20/25,45,315,270,1,1,HIT-HP MVX-1211-hh-100-cc,HIT-HP MVX-1211-31.5-100-45
-124.2,144.8,20/25,50,320,270,2,2,HIT-HP MVX-1211-hh-100-cc,HIT-HP MVX-1211-32.0-100-50
-124.2,144.8,20/25,30,300,270,2,2,HIT-HP MVX-1211-hh-100-cc,HIT-HP MVX-1211-30.0-100-30
-124.2,144.8,20/25,35,305,270,2,2,HIT-HP MVX-1211-hh-100-cc,HIT-HP MVX-1211-30.5-100-35
-124.2,144.8,20/25,40,310,270,2,2,HIT-HP MVX-1211-hh-100-cc,HIT-HP MVX-1211-31.0-100-40
-124.2,144.8,20/25,45,315,270,2,2,HIT-HP MVX-1211-hh-100-cc,HIT-HP MVX-1211-31.5-100-45
-112.2,176.0,25/30,50,320,270,1,1,HIT-HP MVX-1211-hh-100-cc,HIT-HP MVX-1211-32.0-100-50
-112.2,176.0,25/30,30,300,270,1,1,HIT-HP MVX-1211-hh-100-cc,HIT-HP MVX-1211-30.0-100-30
-112.2,176.0,25/30,35,305,270,1,1,HIT-HP MVX-1211-hh-100-cc,HIT-HP MVX-1211-30.5-100-35
-112.2,176.0,25/30,40,310,270,1,1,HIT-HP MVX-1211-hh-100-cc,HIT-HP MVX-1211-31.0-100-40
-112.2,176.0,25/30,45,315,270,1,1,HIT-HP MVX-1211-hh-100-cc,HIT-HP MVX-1211-31.5-100-45
-137.0,147.6,25/30,50,320,270,2,2,HIT-HP MVX-1211-hh-100-cc,HIT-HP MVX-1211-32.0-100-50
-137.0,147.6,25/30,30,300,270,2,2,HIT-HP MVX-1211-hh-100-cc,HIT-HP MVX-1211-30.0-100-30
-137.0,147.6,25/30,35,305,270,2,2,HIT-HP MVX-1211-hh-100-cc,HIT-HP MVX-1211-30.5-100-35
-137.0,147.6,25/30,40,310,270,2,2,HIT-HP MVX-1211-hh-100-cc,HIT-HP MVX-1211-31.0-100-40
-137.0,147.6,25/30,45,315,270,2,2,HIT-HP MVX-1211-hh-100-cc,HIT-HP MVX-1211-31.5-100-45
-124.3,176.0,30/37,50,320,270,1,1,HIT-HP MVX-1211-hh-100-cc,HIT-HP MVX-1211-32.0-100-50
-124.3,176.0,30/37,30,300,270,1,1,HIT-HP MVX-1211-hh-100-cc,HIT-HP MVX-1211-30.0-100-30
-124.3,176.0,30/37,35,305,270,1,1,HIT-HP MVX-1211-hh-100-cc,HIT-HP MVX-1211-30.5-100-35
-124.3,176.0,30/37,40,310,270,1,1,HIT-HP MVX-1211-hh-100-cc,HIT-HP MVX-1211-31.0-100-40
-124.3,176.0,30/37,45,315,270,1,1,HIT-HP MVX-1211-hh-100-cc,HIT-HP MVX-1211-31.5-100-45
-137.0,161.4,30/37,50,320,270,2,2,HIT-HP MVX-1211-hh-100-cc,HIT-HP MVX-1211-32.0-100-50
-137.0,161.4,30/37,30,300,270,2,2,HIT-HP MVX-1211-hh-100-cc,HIT-HP MVX-1211-30.0-100-30
-137.0,161.4,30/37,35,305,270,2,2,HIT-HP MVX-1211-hh-100-cc,HIT-HP MVX-1211-30.5-100-35
-137.0,161.4,30/37,40,310,270,2,2,HIT-HP MVX-1211-hh-100-cc,HIT-HP MVX-1211-31.0-100-40
-137.0,161.4,30/37,45,315,270,2,2,HIT-HP MVX-1211-hh-100-cc,HIT-HP MVX-1211-31.5-100-45
-99.1,176.0,20/25,50,325,275,1,1,HIT-HP MVX-1211-hh-100-cc,HIT-HP MVX-1211-32.5-100-50
-99.1,176.0,20/25,30,305,275,1,1,HIT-HP MVX-1211-hh-100-cc,HIT-HP MVX-1211-30.5-100-30
-99.1,176.0,20/25,35,310,275,1,1,HIT-HP MVX-1211-hh-100-cc,HIT-HP MVX-1211-31.0-100-35
-99.1,176.0,20/25,40,315,275,1,1,HIT-HP MVX-1211-hh-100-cc,HIT-HP MVX-1211-31.5-100-40
-99.1,176.0,20/25,45,320,275,1,1,HIT-HP MVX-1211-hh-100-cc,HIT-HP MVX-1211-32.0-100-45
-126.8,144.9,20/25,50,325,275,2,2,HIT-HP MVX-1211-hh-100-cc,HIT-HP MVX-1211-32.5-100-50
-126.8,144.9,20/25,30,305,275,2,2,HIT-HP MVX-1211-hh-100-cc,HIT-HP MVX-1211-30.5-100-30
-126.8,144.9,20/25,35,310,275,2,2,HIT-HP MVX-1211-hh-100-cc,HIT-HP MVX-1211-31.0-100-35
-126.8,144.9,20/25,40,315,275,2,2,HIT-HP MVX-1211-hh-100-cc,HIT-HP MVX-1211-31.5-100-40
-126.8,144.9,20/25,45,320,275,2,2,HIT-HP MVX-1211-hh-100-cc,HIT-HP MVX-1211-32.0-100-45
-114.6,176.0,25/30,50,325,275,1,1,HIT-HP MVX-1211-hh-100-cc,HIT-HP MVX-1211-32.5-100-50
-114.6,176.0,25/30,30,305,275,1,1,HIT-HP MVX-1211-hh-100-cc,HIT-HP MVX-1211-30.5-100-30
-114.6,176.0,25/30,35,310,275,1,1,HIT-HP MVX-1211-hh-100-cc,HIT-HP MVX-1211-31.0-100-35
-114.6,176.0,25/30,40,315,275,1,1,HIT-HP MVX-1211-hh-100-cc,HIT-HP MVX-1211-31.5-100-40
-114.6,176.0,25/30,45,320,275,1,1,HIT-HP MVX-1211-hh-100-cc,HIT-HP MVX-1211-32.0-100-45
-139.9,147.6,25/30,50,325,275,2,2,HIT-HP MVX-1211-hh-100-cc,HIT-HP MVX-1211-32.5-100-50
-139.9,147.6,25/30,30,305,275,2,2,HIT-HP MVX-1211-hh-100-cc,HIT-HP MVX-1211-30.5-100-30
-139.9,147.6,25/30,35,310,275,2,2,HIT-HP MVX-1211-hh-100-cc,HIT-HP MVX-1211-31.0-100-35
-139.9,147.6,25/30,40,315,275,2,2,HIT-HP MVX-1211-hh-100-cc,HIT-HP MVX-1211-31.5-100-40
-139.9,147.6,25/30,45,320,275,2,2,HIT-HP MVX-1211-hh-100-cc,HIT-HP MVX-1211-32.0-100-45
-127.0,176.0,30/37,50,325,275,1,1,HIT-HP MVX-1211-hh-100-cc,HIT-HP MVX-1211-32.5-100-50
-127.0,176.0,30/37,30,305,275,1,1,HIT-HP MVX-1211-hh-100-cc,HIT-HP MVX-1211-30.5-100-30
-127.0,176.0,30/37,35,310,275,1,1,HIT-HP MVX-1211-hh-100-cc,HIT-HP MVX-1211-31.0-100-35
-127.0,176.0,30/37,40,315,275,1,1,HIT-HP MVX-1211-hh-100-cc,HIT-HP MVX-1211-31.5-100-40
-127.0,176.0,30/37,45,320,275,1,1,HIT-HP MVX-1211-hh-100-cc,HIT-HP MVX-1211-32.0-100-45
-139.9,161.4,30/37,50,325,275,2,2,HIT-HP MVX-1211-hh-100-cc,HIT-HP MVX-1211-32.5-100-50
-139.9,161.4,30/37,30,305,275,2,2,HIT-HP MVX-1211-hh-100-cc,HIT-HP MVX-1211-30.5-100-30
-139.9,161.4,30/37,35,310,275,2,2,HIT-HP MVX-1211-hh-100-cc,HIT-HP MVX-1211-31.0-100-35
-139.9,161.4,30/37,40,315,275,2,2,HIT-HP MVX-1211-hh-100-cc,HIT-HP MVX-1211-31.5-100-40
-139.9,161.4,30/37,45,320,275,2,2,HIT-HP MVX-1211-hh-100-cc,HIT-HP MVX-1211-32.0-100-45
-101.2,176.0,20/25,50,330,280,1,1,HIT-HP MVX-1211-hh-100-cc,HIT-HP MVX-1211-33.0-100-50
-101.2,176.0,20/25,30,310,280,1,1,HIT-HP MVX-1211-hh-100-cc,HIT-HP MVX-1211-31.0-100-30
-101.2,176.0,20/25,35,315,280,1,1,HIT-HP MVX-1211-hh-100-cc,HIT-HP MVX-1211-31.5-100-35
-101.2,176.0,20/25,40,320,280,1,1,HIT-HP MVX-1211-hh-100-cc,HIT-HP MVX-1211-32.0-100-40
-101.2,176.0,20/25,45,325,280,1,1,HIT-HP MVX-1211-hh-100-cc,HIT-HP MVX-1211-32.5-100-45
-129.3,145.0,20/25,50,330,280,2,2,HIT-HP MVX-1211-hh-100-cc,HIT-HP MVX-1211-33.0-100-50
-129.3,145.0,20/25,30,310,280,2,2,HIT-HP MVX-1211-hh-100-cc,HIT-HP MVX-1211-31.0-100-30
-129.3,145.0,20/25,35,315,280,2,2,HIT-HP MVX-1211-hh-100-cc,HIT-HP MVX-1211-31.5-100-35
-129.3,145.0,20/25,40,320,280,2,2,HIT-HP MVX-1211-hh-100-cc,HIT-HP MVX-1211-32.0-100-40
-129.3,145.0,20/25,45,325,280,2,2,HIT-HP MVX-1211-hh-100-cc,HIT-HP MVX-1211-32.5-100-45
-117.0,176.0,25/30,50,330,280,1,1,HIT-HP MVX-1211-hh-100-cc,HIT-HP MVX-1211-33.0-100-50
-117.0,176.0,25/30,30,310,280,1,1,HIT-HP MVX-1211-hh-100-cc,HIT-HP MVX-1211-31.0-100-30
-117.0,176.0,25/30,35,315,280,1,1,HIT-HP MVX-1211-hh-100-cc,HIT-HP MVX-1211-31.5-100-35
-117.0,176.0,25/30,40,320,280,1,1,HIT-HP MVX-1211-hh-100-cc,HIT-HP MVX-1211-32.0-100-40
-117.0,176.0,25/30,45,325,280,1,1,HIT-HP MVX-1211-hh-100-cc,HIT-HP MVX-1211-32.5-100-45
-142.9,147.6,25/30,50,330,280,2,2,HIT-HP MVX-1211-hh-100-cc,HIT-HP MVX-1211-33.0-100-50
-142.9,147.6,25/30,30,310,280,2,2,HIT-HP MVX-1211-hh-100-cc,HIT-HP MVX-1211-31.0-100-30
-142.9,147.6,25/30,35,315,280,2,2,HIT-HP MVX-1211-hh-100-cc,HIT-HP MVX-1211-31.5-100-35
-142.9,147.6,25/30,40,320,280,2,2,HIT-HP MVX-1211-hh-100-cc,HIT-HP MVX-1211-32.0-100-40
-142.9,147.6,25/30,45,325,280,2,2,HIT-HP MVX-1211-hh-100-cc,HIT-HP MVX-1211-32.5-100-45
-129.6,176.0,30/37,50,330,280,1,1,HIT-HP MVX-1211-hh-100-cc,HIT-HP MVX-1211-33.0-100-50
-129.6,176.0,30/37,30,310,280,1,1,HIT-HP MVX-1211-hh-100-cc,HIT-HP MVX-1211-31.0-100-30
-129.6,176.0,30/37,35,315,280,1,1,HIT-HP MVX-1211-hh-100-cc,HIT-HP MVX-1211-31.5-100-35
-129.6,176.0,30/37,40,320,280,1,1,HIT-HP MVX-1211-hh-100-cc,HIT-HP MVX-1211-32.0-100-40
-129.6,176.0,30/37,45,325,280,1,1,HIT-HP MVX-1211-hh-100-cc,HIT-HP MVX-1211-32.5-100-45
-142.9,161.4,30/37,50,330,280,2,2,HIT-HP MVX-1211-hh-100-cc,HIT-HP MVX-1211-33.0-100-50
-142.9,161.4,30/37,30,310,280,2,2,HIT-HP MVX-1211-hh-100-cc,HIT-HP MVX-1211-31.0-100-30
-142.9,161.4,30/37,35,315,280,2,2,HIT-HP MVX-1211-hh-100-cc,HIT-HP MVX-1211-31.5-100-35
-142.9,161.4,30/37,40,320,280,2,2,HIT-HP MVX-1211-hh-100-cc,HIT-HP MVX-1211-32.0-100-40
-142.9,161.4,30/37,45,325,280,2,2,HIT-HP MVX-1211-hh-100-cc,HIT-HP MVX-1211-32.5-100-45
-103.2,176.0,20/25,50,335,285,1,1,HIT-HP MVX-1211-hh-100-cc,HIT-HP MVX-1211-33.5-100-50
-103.2,176.0,20/25,30,315,285,1,1,HIT-HP MVX-1211-hh-100-cc,HIT-HP MVX-1211-31.5-100-30
-103.2,176.0,20/25,35,320,285,1,1,HIT-HP MVX-1211-hh-100-cc,HIT-HP MVX-1211-32.0-100-35
-103.2,176.0,20/25,40,325,285,1,1,HIT-HP MVX-1211-hh-100-cc,HIT-HP MVX-1211-32.5-100-40
-103.2,176.0,20/25,45,330,285,1,1,HIT-HP MVX-1211-hh-100-cc,HIT-HP MVX-1211-33.0-100-45
-131.9,145.2,20/25,50,335,285,2,2,HIT-HP MVX-1211-hh-100-cc,HIT-HP MVX-1211-33.5-100-50
-131.9,145.2,20/25,30,315,285,2,2,HIT-HP MVX-1211-hh-100-cc,HIT-HP MVX-1211-31.5-100-30
-131.9,145.2,20/25,35,320,285,2,2,HIT-HP MVX-1211-hh-100-cc,HIT-HP MVX-1211-32.0-100-35
-131.9,145.2,20/25,40,325,285,2,2,HIT-HP MVX-1211-hh-100-cc,HIT-HP MVX-1211-32.5-100-40
-131.9,145.2,20/25,45,330,285,2,2,HIT-HP MVX-1211-hh-100-cc,HIT-HP MVX-1211-33.0-100-45
-119.4,176.0,25/30,50,335,285,1,1,HIT-HP MVX-1211-hh-100-cc,HIT-HP MVX-1211-33.5-100-50
-119.4,176.0,25/30,30,315,285,1,1,HIT-HP MVX-1211-hh-100-cc,HIT-HP MVX-1211-31.5-100-30
-119.4,176.0,25/30,35,320,285,1,1,HIT-HP MVX-1211-hh-100-cc,HIT-HP MVX-1211-32.0-100-35
-119.4,176.0,25/30,40,325,285,1,1,HIT-HP MVX-1211-hh-100-cc,HIT-HP MVX-1211-32.5-100-40
-119.4,176.0,25/30,45,330,285,1,1,HIT-HP MVX-1211-hh-100-cc,HIT-HP MVX-1211-33.0-100-45
-145.9,147.6,25/30,50,335,285,2,2,HIT-HP MVX-1211-hh-100-cc,HIT-HP MVX-1211-33.5-100-50
-145.9,147.6,25/30,30,315,285,2,2,HIT-HP MVX-1211-hh-100-cc,HIT-HP MVX-1211-31.5-100-30
-145.9,147.6,25/30,35,320,285,2,2,HIT-HP MVX-1211-hh-100-cc,HIT-HP MVX-1211-32.0-100-35
-145.9,147.6,25/30,40,325,285,2,2,HIT-HP MVX-1211-hh-100-cc,HIT-HP MVX-1211-32.5-100-40
-145.9,147.6,25/30,45,330,285,2,2,HIT-HP MVX-1211-hh-100-cc,HIT-HP MVX-1211-33.0-100-45
-132.3,176.0,30/37,50,335,285,1,1,HIT-HP MVX-1211-hh-100-cc,HIT-HP MVX-1211-33.5-100-50
-132.3,176.0,30/37,30,315,285,1,1,HIT-HP MVX-1211-hh-100-cc,HIT-HP MVX-1211-31.5-100-30
-132.3,176.0,30/37,35,320,285,1,1,HIT-HP MVX-1211-hh-100-cc,HIT-HP MVX-1211-32.0-100-35
-132.3,176.0,30/37,40,325,285,1,1,HIT-HP MVX-1211-hh-100-cc,HIT-HP MVX-1211-32.5-100-40
-132.3,176.0,30/37,45,330,285,1,1,HIT-HP MVX-1211-hh-100-cc,HIT-HP MVX-1211-33.0-100-45
-145.9,161.4,30/37,50,335,285,2,2,HIT-HP MVX-1211-hh-100-cc,HIT-HP MVX-1211-33.5-100-50
-145.9,161.4,30/37,30,315,285,2,2,HIT-HP MVX-1211-hh-100-cc,HIT-HP MVX-1211-31.5-100-30
-145.9,161.4,30/37,35,320,285,2,2,HIT-HP MVX-1211-hh-100-cc,HIT-HP MVX-1211-32.0-100-35
-145.9,161.4,30/37,40,325,285,2,2,HIT-HP MVX-1211-hh-100-cc,HIT-HP MVX-1211-32.5-100-40
-145.9,161.4,30/37,45,330,285,2,2,HIT-HP MVX-1211-hh-100-cc,HIT-HP MVX-1211-33.0-100-45
-105.3,176.0,20/25,50,340,290,1,1,HIT-HP MVX-1211-hh-100-cc,HIT-HP MVX-1211-34.0-100-50
-105.3,176.0,20/25,30,320,290,1,1,HIT-HP MVX-1211-hh-100-cc,HIT-HP MVX-1211-32.0-100-30
-105.3,176.0,20/25,35,325,290,1,1,HIT-HP MVX-1211-hh-100-cc,HIT-HP MVX-1211-32.5-100-35
-105.3,176.0,20/25,40,330,290,1,1,HIT-HP MVX-1211-hh-100-cc,HIT-HP MVX-1211-33.0-100-40
-105.3,176.0,20/25,45,335,290,1,1,HIT-HP MVX-1211-hh-100-cc,HIT-HP MVX-1211-33.5-100-45
-134.5,145.3,20/25,50,340,290,2,2,HIT-HP MVX-1211-hh-100-cc,HIT-HP MVX-1211-34.0-100-50
-134.5,145.3,20/25,30,320,290,2,2,HIT-HP MVX-1211-hh-100-cc,HIT-HP MVX-1211-32.0-100-30
-134.5,145.3,20/25,35,325,290,2,2,HIT-HP MVX-1211-hh-100-cc,HIT-HP MVX-1211-32.5-100-35
-134.5,145.3,20/25,40,330,290,2,2,HIT-HP MVX-1211-hh-100-cc,HIT-HP MVX-1211-33.0-100-40
-134.5,145.3,20/25,45,335,290,2,2,HIT-HP MVX-1211-hh-100-cc,HIT-HP MVX-1211-33.5-100-45
-121.7,176.0,25/30,50,340,290,1,1,HIT-HP MVX-1211-hh-100-cc,HIT-HP MVX-1211-34.0-100-50
-121.7,176.0,25/30,30,320,290,1,1,HIT-HP MVX-1211-hh-100-cc,HIT-HP MVX-1211-32.0-100-30
-121.7,176.0,25/30,35,325,290,1,1,HIT-HP MVX-1211-hh-100-cc,HIT-HP MVX-1211-32.5-100-35
-121.7,176.0,25/30,40,330,290,1,1,HIT-HP MVX-1211-hh-100-cc,HIT-HP MVX-1211-33.0-100-40
-121.7,176.0,25/30,45,335,290,1,1,HIT-HP MVX-1211-hh-100-cc,HIT-HP MVX-1211-33.5-100-45
-148.8,147.6,25/30,50,340,290,2,2,HIT-HP MVX-1211-hh-100-cc,HIT-HP MVX-1211-34.0-100-50
-148.8,147.6,25/30,30,320,290,2,2,HIT-HP MVX-1211-hh-100-cc,HIT-HP MVX-1211-32.0-100-30
-148.8,147.6,25/30,35,325,290,2,2,HIT-HP MVX-1211-hh-100-cc,HIT-HP MVX-1211-32.5-100-35
-148.8,147.6,25/30,40,330,290,2,2,HIT-HP MVX-1211-hh-100-cc,HIT-HP MVX-1211-33.0-100-40
-148.8,147.6,25/30,45,335,290,2,2,HIT-HP MVX-1211-hh-100-cc,HIT-HP MVX-1211-33.5-100-45
-135.0,176.0,30/37,50,340,290,1,1,HIT-HP MVX-1211-hh-100-cc,HIT-HP MVX-1211-34.0-100-50
-135.0,176.0,30/37,30,320,290,1,1,HIT-HP MVX-1211-hh-100-cc,HIT-HP MVX-1211-32.0-100-30
-135.0,176.0,30/37,35,325,290,1,1,HIT-HP MVX-1211-hh-100-cc,HIT-HP MVX-1211-32.5-100-35
-135.0,176.0,30/37,40,330,290,1,1,HIT-HP MVX-1211-hh-100-cc,HIT-HP MVX-1211-33.0-100-40
-135.0,176.0,30/37,45,335,290,1,1,HIT-HP MVX-1211-hh-100-cc,HIT-HP MVX-1211-33.5-100-45
-148.8,161.4,30/37,50,340,290,2,2,HIT-HP MVX-1211-hh-100-cc,HIT-HP MVX-1211-34.0-100-50
-148.8,161.4,30/37,30,320,290,2,2,HIT-HP MVX-1211-hh-100-cc,HIT-HP MVX-1211-32.0-100-30
-148.8,161.4,30/37,35,325,290,2,2,HIT-HP MVX-1211-hh-100-cc,HIT-HP MVX-1211-32.5-100-35
-148.8,161.4,30/37,40,330,290,2,2,HIT-HP MVX-1211-hh-100-cc,HIT-HP MVX-1211-33.0-100-40
-148.8,161.4,30/37,45,335,290,2,2,HIT-HP MVX-1211-hh-100-cc,HIT-HP MVX-1211-33.5-100-45
-107.4,176.0,20/25,50,345,295,1,1,HIT-HP MVX-1211-hh-100-cc,HIT-HP MVX-1211-34.5-100-50
-107.4,176.0,20/25,30,325,295,1,1,HIT-HP MVX-1211-hh-100-cc,HIT-HP MVX-1211-32.5-100-30
-107.4,176.0,20/25,35,330,295,1,1,HIT-HP MVX-1211-hh-100-cc,HIT-HP MVX-1211-33.0-100-35
-107.4,176.0,20/25,40,335,295,1,1,HIT-HP MVX-1211-hh-100-cc,HIT-HP MVX-1211-33.5-100-40
-107.4,176.0,20/25,45,340,295,1,1,HIT-HP MVX-1211-hh-100-cc,HIT-HP MVX-1211-34.0-100-45
-137.0,145.4,20/25,50,345,295,2,2,HIT-HP MVX-1211-hh-100-cc,HIT-HP MVX-1211-34.5-100-50
-137.0,145.4,20/25,30,325,295,2,2,HIT-HP MVX-1211-hh-100-cc,HIT-HP MVX-1211-32.5-100-30
-137.0,145.4,20/25,35,330,295,2,2,HIT-HP MVX-1211-hh-100-cc,HIT-HP MVX-1211-33.0-100-35
-137.0,145.4,20/25,40,335,295,2,2,HIT-HP MVX-1211-hh-100-cc,HIT-HP MVX-1211-33.5-100-40
-137.0,145.4,20/25,45,340,295,2,2,HIT-HP MVX-1211-hh-100-cc,HIT-HP MVX-1211-34.0-100-45
-124.1,176.0,25/30,50,345,295,1,1,HIT-HP MVX-1211-hh-100-cc,HIT-HP MVX-1211-34.5-100-50
-124.1,176.0,25/30,30,325,295,1,1,HIT-HP MVX-1211-hh-100-cc,HIT-HP MVX-1211-32.5-100-30
-124.1,176.0,25/30,35,330,295,1,1,HIT-HP MVX-1211-hh-100-cc,HIT-HP MVX-1211-33.0-100-35
-124.1,176.0,25/30,40,335,295,1,1,HIT-HP MVX-1211-hh-100-cc,HIT-HP MVX-1211-33.5-100-40
-124.1,176.0,25/30,45,340,295,1,1,HIT-HP MVX-1211-hh-100-cc,HIT-HP MVX-1211-34.0-100-45
-151.8,147.6,25/30,50,345,295,2,2,HIT-HP MVX-1211-hh-100-cc,HIT-HP MVX-1211-34.5-100-50
-151.8,147.6,25/30,30,325,295,2,2,HIT-HP MVX-1211-hh-100-cc,HIT-HP MVX-1211-32.5-100-30
-151.8,147.6,25/30,35,330,295,2,2,HIT-HP MVX-1211-hh-100-cc,HIT-HP MVX-1211-33.0-100-35
-151.8,147.6,25/30,40,335,295,2,2,HIT-HP MVX-1211-hh-100-cc,HIT-HP MVX-1211-33.5-100-40
-151.8,147.6,25/30,45,340,295,2,2,HIT-HP MVX-1211-hh-100-cc,HIT-HP MVX-1211-34.0-100-45
-137.6,176.0,30/37,50,345,295,1,1,HIT-HP MVX-1211-hh-100-cc,HIT-HP MVX-1211-34.5-100-50
-137.6,176.0,30/37,30,325,295,1,1,HIT-HP MVX-1211-hh-100-cc,HIT-HP MVX-1211-32.5-100-30
-137.6,176.0,30/37,35,330,295,1,1,HIT-HP MVX-1211-hh-100-cc,HIT-HP MVX-1211-33.0-100-35
-137.6,176.0,30/37,40,335,295,1,1,HIT-HP MVX-1211-hh-100-cc,HIT-HP MVX-1211-33.5-100-40
-137.6,176.0,30/37,45,340,295,1,1,HIT-HP MVX-1211-hh-100-cc,HIT-HP MVX-1211-34.0-100-45
-151.8,161.4,30/37,50,345,295,2,2,HIT-HP MVX-1211-hh-100-cc,HIT-HP MVX-1211-34.5-100-50
-151.8,161.4,30/37,30,325,295,2,2,HIT-HP MVX-1211-hh-100-cc,HIT-HP MVX-1211-32.5-100-30
-151.8,161.4,30/37,35,330,295,2,2,HIT-HP MVX-1211-hh-100-cc,HIT-HP MVX-1211-33.0-100-35
-151.8,161.4,30/37,40,335,295,2,2,HIT-HP MVX-1211-hh-100-cc,HIT-HP MVX-1211-33.5-100-40
-151.8,161.4,30/37,45,340,295,2,2,HIT-HP MVX-1211-hh-100-cc,HIT-HP MVX-1211-34.0-100-45
-109.4,176.0,20/25,50,350,300,1,1,HIT-HP MVX-1211-hh-100-cc,HIT-HP MVX-1211-35.0-100-50
-109.4,176.0,20/25,30,330,300,1,1,HIT-HP MVX-1211-hh-100-cc,HIT-HP MVX-1211-33.0-100-30
-109.4,176.0,20/25,35,335,300,1,1,HIT-HP MVX-1211-hh-100-cc,HIT-HP MVX-1211-33.5-100-35
-109.4,176.0,20/25,40,340,300,1,1,HIT-HP MVX-1211-hh-100-cc,HIT-HP MVX-1211-34.0-100-40
-109.4,176.0,20/25,45,345,300,1,1,HIT-HP MVX-1211-hh-100-cc,HIT-HP MVX-1211-34.5-100-45
-139.6,145.5,20/25,50,350,300,2,2,HIT-HP MVX-1211-hh-100-cc,HIT-HP MVX-1211-35.0-100-50
-139.6,145.5,20/25,30,330,300,2,2,HIT-HP MVX-1211-hh-100-cc,HIT-HP MVX-1211-33.0-100-30
-139.6,145.5,20/25,35,335,300,2,2,HIT-HP MVX-1211-hh-100-cc,HIT-HP MVX-1211-33.5-100-35
-139.6,145.5,20/25,40,340,300,2,2,HIT-HP MVX-1211-hh-100-cc,HIT-HP MVX-1211-34.0-100-40
-139.6,145.5,20/25,45,345,300,2,2,HIT-HP MVX-1211-hh-100-cc,HIT-HP MVX-1211-34.5-100-45
-126.5,176.0,25/30,50,350,300,1,1,HIT-HP MVX-1211-hh-100-cc,HIT-HP MVX-1211-35.0-100-50
-126.5,176.0,25/30,30,330,300,1,1,HIT-HP MVX-1211-hh-100-cc,HIT-HP MVX-1211-33.0-100-30
-126.5,176.0,25/30,35,335,300,1,1,HIT-HP MVX-1211-hh-100-cc,HIT-HP MVX-1211-33.5-100-35
-126.5,176.0,25/30,40,340,300,1,1,HIT-HP MVX-1211-hh-100-cc,HIT-HP MVX-1211-34.0-100-40
-126.5,176.0,25/30,45,345,300,1,1,HIT-HP MVX-1211-hh-100-cc,HIT-HP MVX-1211-34.5-100-45
-154.7,147.6,25/30,50,350,300,2,2,HIT-HP MVX-1211-hh-100-cc,HIT-HP MVX-1211-35.0-100-50
-154.7,147.6,25/30,30,330,300,2,2,HIT-HP MVX-1211-hh-100-cc,HIT-HP MVX-1211-33.0-100-30
-154.7,147.6,25/30,35,335,300,2,2,HIT-HP MVX-1211-hh-100-cc,HIT-HP MVX-1211-33.5-100-35
-154.7,147.6,25/30,40,340,300,2,2,HIT-HP MVX-1211-hh-100-cc,HIT-HP MVX-1211-34.0-100-40
-154.7,147.6,25/30,45,345,300,2,2,HIT-HP MVX-1211-hh-100-cc,HIT-HP MVX-1211-34.5-100-45
-140.3,176.0,30/37,50,350,300,1,1,HIT-HP MVX-1211-hh-100-cc,HIT-HP MVX-1211-35.0-100-50
-140.3,176.0,30/37,30,330,300,1,1,HIT-HP MVX-1211-hh-100-cc,HIT-HP MVX-1211-33.0-100-30
-140.3,176.0,30/37,35,335,300,1,1,HIT-HP MVX-1211-hh-100-cc,HIT-HP MVX-1211-33.5-100-35
-140.3,176.0,30/37,40,340,300,1,1,HIT-HP MVX-1211-hh-100-cc,HIT-HP MVX-1211-34.0-100-40
-140.3,176.0,30/37,45,345,300,1,1,HIT-HP MVX-1211-hh-100-cc,HIT-HP MVX-1211-34.5-100-45
-154.7,161.4,30/37,50,350,300,2,2,HIT-HP MVX-1211-hh-100-cc,HIT-HP MVX-1211-35.0-100-50
-154.7,161.4,30/37,30,330,300,2,2,HIT-HP MVX-1211-hh-100-cc,HIT-HP MVX-1211-33.0-100-30
-154.7,161.4,30/37,35,335,300,2,2,HIT-HP MVX-1211-hh-100-cc,HIT-HP MVX-1211-33.5-100-35
-154.7,161.4,30/37,40,340,300,2,2,HIT-HP MVX-1211-hh-100-cc,HIT-HP MVX-1211-34.0-100-40
-154.7,161.4,30/37,45,345,300,2,2,HIT-HP MVX-1211-hh-100-cc,HIT-HP MVX-1211-34.5-100-45
-102.8,176.0,20/25,30,340,310,1,1,HIT-HP MVX-1211-hh-100-cc,HIT-HP MVX-1211-34.0-100-30
-102.8,176.0,20/25,30,340,310,2,2,HIT-HP MVX-1211-hh-100-cc,HIT-HP MVX-1211-34.0-100-30
-120.8,176.0,25/30,30,340,310,1,1,HIT-HP MVX-1211-hh-100-cc,HIT-HP MVX-1211-34.0-100-30
-120.8,176.0,25/30,30,340,310,2,2,HIT-HP MVX-1211-hh-100-cc,HIT-HP MVX-1211-34.0-100-30
-134.7,176.0,30/37,30,340,310,1,1,HIT-HP MVX-1211-hh-100-cc,HIT-HP MVX-1211-34.0-100-30
-134.7,176.0,30/37,30,340,310,2,2,HIT-HP MVX-1211-hh-100-cc,HIT-HP MVX-1211-34.0-100-30
-106.5,176.0,20/25,30,350,320,1,1,HIT-HP MVX-1211-hh-100-cc,HIT-HP MVX-1211-35.0-100-30
-106.5,176.0,20/25,30,350,320,2,2,HIT-HP MVX-1211-hh-100-cc,HIT-HP MVX-1211-35.0-100-30
-125.1,176.0,25/30,30,350,320,1,1,HIT-HP MVX-1211-hh-100-cc,HIT-HP MVX-1211-35.0-100-30
-125.1,176.0,25/30,30,350,320,2,2,HIT-HP MVX-1211-hh-100-cc,HIT-HP MVX-1211-35.0-100-30
-139.6,176.0,30/37,30,350,320,1,1,HIT-HP MVX-1211-hh-100-cc,HIT-HP MVX-1211-35.0-100-30
-139.6,176.0,30/37,30,350,320,2,2,HIT-HP MVX-1211-hh-100-cc,HIT-HP MVX-1211-35.0-100-30
-101.0,176.0,20/25,35,340,305,1,1,HIT-HP MVX-1211-hh-100-cc,HIT-HP MVX-1211-34.0-100-35
-101.0,176.0,20/25,35,340,305,2,2,HIT-HP MVX-1211-hh-100-cc,HIT-HP MVX-1211-34.0-100-35
-118.6,176.0,25/30,35,340,305,1,1,HIT-HP MVX-1211-hh-100-cc,HIT-HP MVX-1211-34.0-100-35
-118.6,176.0,25/30,35,340,305,2,2,HIT-HP MVX-1211-hh-100-cc,HIT-HP MVX-1211-34.0-100-35
-132.3,176.0,30/37,35,340,305,1,1,HIT-HP MVX-1211-hh-100-cc,HIT-HP MVX-1211-34.0-100-35
-132.3,176.0,30/37,35,340,305,2,2,HIT-HP MVX-1211-hh-100-cc,HIT-HP MVX-1211-34.0-100-35
-104.7,176.0,20/25,35,350,315,1,1,HIT-HP MVX-1211-hh-100-cc,HIT-HP MVX-1211-35.0-100-35
-104.7,176.0,20/25,35,350,315,2,2,HIT-HP MVX-1211-hh-100-cc,HIT-HP MVX-1211-35.0-100-35
-122.9,176.0,25/30,35,350,315,1,1,HIT-HP MVX-1211-hh-100-cc,HIT-HP MVX-1211-35.0-100-35
-122.9,176.0,25/30,35,350,315,2,2,HIT-HP MVX-1211-hh-100-cc,HIT-HP MVX-1211-35.0-100-35
-137.1,176.0,30/37,35,350,315,1,1,HIT-HP MVX-1211-hh-100-cc,HIT-HP MVX-1211-35.0-100-35
-137.1,176.0,30/37,35,350,315,2,2,HIT-HP MVX-1211-hh-100-cc,HIT-HP MVX-1211-35.0-100-35
